"","state","year","barrels","type"
"1","AK",2008,2067.69,"On Premises"
"2","AK",2009,2263.65,"On Premises"
"3","AK",2010,1929.15,"On Premises"
"4","AK",2011,2251.02,"On Premises"
"5","AK",2012,2312.43,"On Premises"
"6","AK",2013,2155.6,"On Premises"
"7","AK",2014,2114.97,"On Premises"
"8","AK",2015,4511.48,"On Premises"
"9","AK",2016,13315.93,"On Premises"
"10","AK",2017,15974.1,"On Premises"
"11","AK",2018,30620.23,"On Premises"
"12","AK",2019,32849.37,"On Premises"
"13","AL",2008,723.53,"On Premises"
"14","AL",2009,238.6,"On Premises"
"15","AL",2010,161.24,"On Premises"
"16","AL",2011,0,"On Premises"
"17","AL",2012,46.5,"On Premises"
"18","AL",2013,130.55,"On Premises"
"19","AL",2014,226.25,"On Premises"
"20","AL",2015,6109.99,"On Premises"
"21","AL",2016,23810.78,"On Premises"
"22","AL",2017,29160.56,"On Premises"
"23","AL",2018,41718.66,"On Premises"
"24","AL",2019,47160.08,"On Premises"
"25","AR",2008,1328.35,"On Premises"
"26","AR",2009,1279.34,"On Premises"
"27","AR",2010,1331.85,"On Premises"
"28","AR",2011,1124.98,"On Premises"
"29","AR",2012,1265.93,"On Premises"
"30","AR",2013,558.14,"On Premises"
"31","AR",2014,657.12,"On Premises"
"32","AR",2015,1609.38,"On Premises"
"33","AR",2016,6091.89,"On Premises"
"34","AR",2017,13441.2,"On Premises"
"35","AR",2018,25150.46,"On Premises"
"36","AR",2019,16568.73,"On Premises"
"37","AZ",2008,14857.81,"On Premises"
"38","AZ",2009,15640.69,"On Premises"
"39","AZ",2010,16800.24,"On Premises"
"40","AZ",2011,19897.83,"On Premises"
"41","AZ",2012,19165.96,"On Premises"
"42","AZ",2013,18763.52,"On Premises"
"43","AZ",2014,17173,"On Premises"
"44","AZ",2015,29869.1,"On Premises"
"45","AZ",2016,41613.95,"On Premises"
"46","AZ",2017,45424.11,"On Premises"
"47","AZ",2018,47009.71,"On Premises"
"48","AZ",2019,49699.26,"On Premises"
"49","CA",2008,61172.74,"On Premises"
"50","CA",2009,54504.99,"On Premises"
"51","CA",2010,58276.38,"On Premises"
"52","CA",2011,65069.7,"On Premises"
"53","CA",2012,64239.95,"On Premises"
"54","CA",2013,60559.56,"On Premises"
"55","CA",2014,65035.4,"On Premises"
"56","CA",2015,124974.7,"On Premises"
"57","CA",2016,201066.01,"On Premises"
"58","CA",2017,293554.62,"On Premises"
"59","CA",2018,359636.06,"On Premises"
"60","CA",2019,399692.97,"On Premises"
"61","CO",2008,48528.59,"On Premises"
"62","CO",2009,49895.79,"On Premises"
"63","CO",2010,50584.87,"On Premises"
"64","CO",2011,60811.37,"On Premises"
"65","CO",2012,57966.73,"On Premises"
"66","CO",2013,60133.43,"On Premises"
"67","CO",2014,72839.26,"On Premises"
"68","CO",2015,121814.79,"On Premises"
"69","CO",2016,141312.55,"On Premises"
"70","CO",2017,163026.9,"On Premises"
"71","CO",2018,176577.49,"On Premises"
"72","CO",2019,175934.31,"On Premises"
"73","CT",2008,2205.67,"On Premises"
"74","CT",2009,2075.57,"On Premises"
"75","CT",2010,1988.38,"On Premises"
"76","CT",2011,2530.8,"On Premises"
"77","CT",2012,1876.05,"On Premises"
"78","CT",2013,1770.05,"On Premises"
"79","CT",2014,1447.6,"On Premises"
"80","CT",2015,13218.19,"On Premises"
"81","CT",2016,10705.61,"On Premises"
"82","CT",2017,21767.05,"On Premises"
"83","CT",2018,26871.86,"On Premises"
"84","CT",2019,34422.9,"On Premises"
"85","DC",2008,2957.74,"On Premises"
"86","DC",2009,2948.61,"On Premises"
"87","DC",2010,3574.26,"On Premises"
"88","DC",2011,1676.54,"On Premises"
"89","DC",2012,1572.75,"On Premises"
"90","DC",2013,2250.9,"On Premises"
"91","DC",2014,4504.3,"On Premises"
"92","DC",2015,7207.31,"On Premises"
"93","DC",2016,8969.72,"On Premises"
"94","DC",2017,11096.42,"On Premises"
"95","DC",2018,10027.41,"On Premises"
"96","DC",2019,16347.97,"On Premises"
"97","DE",2008,2005.33,"On Premises"
"98","DE",2009,2205.38,"On Premises"
"99","DE",2010,2308.99,"On Premises"
"100","DE",2011,2541.38,"On Premises"
"101","DE",2012,2718.28,"On Premises"
"102","DE",2013,2868.28,"On Premises"
"103","DE",2014,2771.7,"On Premises"
"104","DE",2015,5865.02,"On Premises"
"105","DE",2016,7647.56,"On Premises"
"106","DE",2017,9254.17,"On Premises"
"107","DE",2018,13816.8,"On Premises"
"108","DE",2019,14478.8,"On Premises"
"109","FL",2008,7078.61,"On Premises"
"110","FL",2009,6426.66,"On Premises"
"111","FL",2010,7554.46,"On Premises"
"112","FL",2011,6761.68,"On Premises"
"113","FL",2012,6817.8,"On Premises"
"114","FL",2013,6440.29,"On Premises"
"115","FL",2014,6585.28,"On Premises"
"116","FL",2015,38265.32,"On Premises"
"117","FL",2016,88092.72,"On Premises"
"118","FL",2017,122617.24,"On Premises"
"119","FL",2018,138723.04,"On Premises"
"120","FL",2019,182784.12,"On Premises"
"121","GA",2008,3751.97,"On Premises"
"122","GA",2009,3038.61,"On Premises"
"123","GA",2010,4165.69,"On Premises"
"124","GA",2011,4248.35,"On Premises"
"125","GA",2012,3480.3,"On Premises"
"126","GA",2013,4647.37,"On Premises"
"127","GA",2014,4432.32,"On Premises"
"128","GA",2015,17920.74,"On Premises"
"129","GA",2016,30539.97,"On Premises"
"130","GA",2017,51488.76,"On Premises"
"131","GA",2018,51856.22,"On Premises"
"132","GA",2019,55631.8,"On Premises"
"133","HI",2008,1875.2,"On Premises"
"134","HI",2009,1578.85,"On Premises"
"135","HI",2010,1680.25,"On Premises"
"136","HI",2011,1886.65,"On Premises"
"137","HI",2012,2084.01,"On Premises"
"138","HI",2013,1972.63,"On Premises"
"139","HI",2014,1380.6,"On Premises"
"140","HI",2015,4131.2,"On Premises"
"141","HI",2016,5623.03,"On Premises"
"142","HI",2017,8503.95,"On Premises"
"143","HI",2018,12037.94,"On Premises"
"144","HI",2019,11721.24,"On Premises"
"145","IA",2008,6817.26,"On Premises"
"146","IA",2009,6487.26,"On Premises"
"147","IA",2010,6597.31,"On Premises"
"148","IA",2011,6808.03,"On Premises"
"149","IA",2012,6515.51,"On Premises"
"150","IA",2013,6003.19,"On Premises"
"151","IA",2014,5676.54,"On Premises"
"152","IA",2015,17866.34,"On Premises"
"153","IA",2016,29975.6,"On Premises"
"154","IA",2017,49090.14,"On Premises"
"155","IA",2018,74918.83,"On Premises"
"156","IA",2019,61429.37,"On Premises"
"157","ID",2008,3385.1,"On Premises"
"158","ID",2009,3195.88,"On Premises"
"159","ID",2010,4089.04,"On Premises"
"160","ID",2011,5305.86,"On Premises"
"161","ID",2012,5376.69,"On Premises"
"162","ID",2013,4675.48,"On Premises"
"163","ID",2014,4573.66,"On Premises"
"164","ID",2015,13809.09,"On Premises"
"165","ID",2016,7812.7,"On Premises"
"166","ID",2017,9438.59,"On Premises"
"167","ID",2018,12906.99,"On Premises"
"168","ID",2019,13178.42,"On Premises"
"169","IL",2008,17941.55,"On Premises"
"170","IL",2009,17090.05,"On Premises"
"171","IL",2010,20051.7,"On Premises"
"172","IL",2011,22028.03,"On Premises"
"173","IL",2012,23229.73,"On Premises"
"174","IL",2013,26271.03,"On Premises"
"175","IL",2014,91311.09,"On Premises"
"176","IL",2015,46217.44,"On Premises"
"177","IL",2016,72776.5,"On Premises"
"178","IL",2017,104165.94,"On Premises"
"179","IL",2018,134257.55,"On Premises"
"180","IL",2019,118482.59,"On Premises"
"181","IN",2008,8775.27,"On Premises"
"182","IN",2009,9190.01,"On Premises"
"183","IN",2010,10589.68,"On Premises"
"184","IN",2011,11063.82,"On Premises"
"185","IN",2012,13120.19,"On Premises"
"186","IN",2013,13119.35,"On Premises"
"187","IN",2014,16356.6,"On Premises"
"188","IN",2015,32880.57,"On Premises"
"189","IN",2016,36829.47,"On Premises"
"190","IN",2017,42795.43,"On Premises"
"191","IN",2018,49318.85,"On Premises"
"192","IN",2019,55688.14,"On Premises"
"193","KS",2008,7386.89,"On Premises"
"194","KS",2009,6970.03,"On Premises"
"195","KS",2010,7579.85,"On Premises"
"196","KS",2011,8113.96,"On Premises"
"197","KS",2012,7821.78,"On Premises"
"198","KS",2013,7415.82,"On Premises"
"199","KS",2014,7461.26,"On Premises"
"200","KS",2015,6624.1,"On Premises"
"201","KS",2016,9095.51,"On Premises"
"202","KS",2017,11772.39,"On Premises"
"203","KS",2018,12510.22,"On Premises"
"204","KS",2019,14480.41,"On Premises"
"205","KY",2008,5205.78,"On Premises"
"206","KY",2009,5672.58,"On Premises"
"207","KY",2010,5289.92,"On Premises"
"208","KY",2011,4597.34,"On Premises"
"209","KY",2012,4949.54,"On Premises"
"210","KY",2013,6460.08,"On Premises"
"211","KY",2014,6234.52,"On Premises"
"212","KY",2015,7183.35,"On Premises"
"213","KY",2016,16546.76,"On Premises"
"214","KY",2017,27147.95,"On Premises"
"215","KY",2018,27648.33,"On Premises"
"216","KY",2019,24404.79,"On Premises"
"217","LA",2008,1421.57,"On Premises"
"218","LA",2009,1513.57,"On Premises"
"219","LA",2010,1775.2,"On Premises"
"220","LA",2011,1535.77,"On Premises"
"221","LA",2012,1606.1,"On Premises"
"222","LA",2013,1723.51,"On Premises"
"223","LA",2014,1579.1,"On Premises"
"224","LA",2015,6238.54,"On Premises"
"225","LA",2016,9478.39,"On Premises"
"226","LA",2017,16448.69,"On Premises"
"227","LA",2018,24619.93,"On Premises"
"228","LA",2019,55422.57,"On Premises"
"229","MA",2008,10612.91,"On Premises"
"230","MA",2009,11547.2,"On Premises"
"231","MA",2010,12231.98,"On Premises"
"232","MA",2011,10142.24,"On Premises"
"233","MA",2012,10298.65,"On Premises"
"234","MA",2013,12570.98,"On Premises"
"235","MA",2014,10352.16,"On Premises"
"236","MA",2015,18915.57,"On Premises"
"237","MA",2016,78787.14,"On Premises"
"238","MA",2017,85176.38,"On Premises"
"239","MA",2018,57305.4,"On Premises"
"240","MA",2019,81860.44,"On Premises"
"241","MD",2008,6787.24,"On Premises"
"242","MD",2009,7577.58,"On Premises"
"243","MD",2010,7525.49,"On Premises"
"244","MD",2011,7559.49,"On Premises"
"245","MD",2012,6958.28,"On Premises"
"246","MD",2013,7771.25,"On Premises"
"247","MD",2014,7534.65,"On Premises"
"248","MD",2015,17339.14,"On Premises"
"249","MD",2016,23190.15,"On Premises"
"250","MD",2017,28127.45,"On Premises"
"251","MD",2018,30431.62,"On Premises"
"252","MD",2019,33126.14,"On Premises"
"253","ME",2008,5094.65,"On Premises"
"254","ME",2009,5528.07,"On Premises"
"255","ME",2010,6978.09,"On Premises"
"256","ME",2011,6717.44,"On Premises"
"257","ME",2012,7404.9,"On Premises"
"258","ME",2013,7960.51,"On Premises"
"259","ME",2014,7501.97,"On Premises"
"260","ME",2015,14981.92,"On Premises"
"261","ME",2016,27827.95,"On Premises"
"262","ME",2017,36717.92,"On Premises"
"263","ME",2018,49649.08,"On Premises"
"264","ME",2019,46942.61,"On Premises"
"265","MI",2008,21484.83,"On Premises"
"266","MI",2009,22590.99,"On Premises"
"267","MI",2010,23176.79,"On Premises"
"268","MI",2011,23766.64,"On Premises"
"269","MI",2012,25243.93,"On Premises"
"270","MI",2013,28431.97,"On Premises"
"271","MI",2014,31218.34,"On Premises"
"272","MI",2015,55195.44,"On Premises"
"273","MI",2016,100487.69,"On Premises"
"274","MI",2017,126317.83,"On Premises"
"275","MI",2018,126231.72,"On Premises"
"276","MI",2019,131484.72,"On Premises"
"277","MN",2008,8568.38,"On Premises"
"278","MN",2009,7928.92,"On Premises"
"279","MN",2010,8360.51,"On Premises"
"280","MN",2011,9205.09,"On Premises"
"281","MN",2012,11376.94,"On Premises"
"282","MN",2013,11984.66,"On Premises"
"283","MN",2014,12425.12,"On Premises"
"284","MN",2015,35484.79,"On Premises"
"285","MN",2016,50565.24,"On Premises"
"286","MN",2017,61178.19,"On Premises"
"287","MN",2018,85052.12,"On Premises"
"288","MN",2019,96830.69,"On Premises"
"289","MO",2008,14793.83,"On Premises"
"290","MO",2009,13213.42,"On Premises"
"291","MO",2010,13289.38,"On Premises"
"292","MO",2011,14315.99,"On Premises"
"293","MO",2012,14047.28,"On Premises"
"294","MO",2013,12949.37,"On Premises"
"295","MO",2014,13379.38,"On Premises"
"296","MO",2015,18369.1,"On Premises"
"297","MO",2016,27933.48,"On Premises"
"298","MO",2017,28606.86,"On Premises"
"299","MO",2018,31234.65,"On Premises"
"300","MO",2019,34057.43,"On Premises"
"301","MS",2008,NA,"On Premises"
"302","MS",2009,5.81,"On Premises"
"303","MS",2010,12.58,"On Premises"
"304","MS",2011,3.23,"On Premises"
"305","MS",2012,40.12,"On Premises"
"306","MS",2013,0,"On Premises"
"307","MS",2014,0,"On Premises"
"308","MS",2015,6197.57,"On Premises"
"309","MS",2016,6899.51,"On Premises"
"310","MS",2017,8898.59,"On Premises"
"311","MS",2018,10462.16,"On Premises"
"312","MS",2019,11912.45,"On Premises"
"313","MT",2008,1039.61,"On Premises"
"314","MT",2009,1827.57,"On Premises"
"315","MT",2010,2944.97,"On Premises"
"316","MT",2011,3806.3,"On Premises"
"317","MT",2012,4375.87,"On Premises"
"318","MT",2013,4373.97,"On Premises"
"319","MT",2014,5997.94,"On Premises"
"320","MT",2015,25759.63,"On Premises"
"321","MT",2016,30906.36,"On Premises"
"322","MT",2017,35410.18,"On Premises"
"323","MT",2018,40821.3,"On Premises"
"324","MT",2019,48182.05,"On Premises"
"325","NC",2008,14561.53,"On Premises"
"326","NC",2009,14406.8,"On Premises"
"327","NC",2010,20184.07,"On Premises"
"328","NC",2011,20768.59,"On Premises"
"329","NC",2012,17604.53,"On Premises"
"330","NC",2013,21871.66,"On Premises"
"331","NC",2014,19005.47,"On Premises"
"332","NC",2015,52073.41,"On Premises"
"333","NC",2016,106408.5,"On Premises"
"334","NC",2017,122669.87,"On Premises"
"335","NC",2018,181068.92,"On Premises"
"336","NC",2019,222608.55,"On Premises"
"337","ND",2008,648.33,"On Premises"
"338","ND",2009,626.62,"On Premises"
"339","ND",2010,731.62,"On Premises"
"340","ND",2011,772.39,"On Premises"
"341","ND",2012,817.7,"On Premises"
"342","ND",2013,1374.55,"On Premises"
"343","ND",2014,1346.63,"On Premises"
"344","ND",2015,2322.25,"On Premises"
"345","ND",2016,2809.64,"On Premises"
"346","ND",2017,5287.38,"On Premises"
"347","ND",2018,6723.49,"On Premises"
"348","ND",2019,10218.59,"On Premises"
"349","NE",2008,3927.23,"On Premises"
"350","NE",2009,5007.46,"On Premises"
"351","NE",2010,5392.27,"On Premises"
"352","NE",2011,6111.78,"On Premises"
"353","NE",2012,5596.83,"On Premises"
"354","NE",2013,6392.8,"On Premises"
"355","NE",2014,3651.12,"On Premises"
"356","NE",2015,6340.13,"On Premises"
"357","NE",2016,9731.87,"On Premises"
"358","NE",2017,16999.38,"On Premises"
"359","NE",2018,23984.61,"On Premises"
"360","NE",2019,25822.41,"On Premises"
"361","NH",2008,4543.38,"On Premises"
"362","NH",2009,4645.59,"On Premises"
"363","NH",2010,5272.03,"On Premises"
"364","NH",2011,5912.51,"On Premises"
"365","NH",2012,6262.36,"On Premises"
"366","NH",2013,6077.87,"On Premises"
"367","NH",2014,6006.92,"On Premises"
"368","NH",2015,8634.11,"On Premises"
"369","NH",2016,16905.67,"On Premises"
"370","NH",2017,27295.21,"On Premises"
"371","NH",2018,38366.97,"On Premises"
"372","NH",2019,50049.94,"On Premises"
"373","NJ",2008,4958.4,"On Premises"
"374","NJ",2009,4944.87,"On Premises"
"375","NJ",2010,5642.15,"On Premises"
"376","NJ",2011,5500.47,"On Premises"
"377","NJ",2012,5385.1,"On Premises"
"378","NJ",2013,5535.97,"On Premises"
"379","NJ",2014,5907.92,"On Premises"
"380","NJ",2015,19453.22,"On Premises"
"381","NJ",2016,35059.6,"On Premises"
"382","NJ",2017,51339.57,"On Premises"
"383","NJ",2018,59781.77,"On Premises"
"384","NJ",2019,81325.78,"On Premises"
"385","NM",2008,7263.27,"On Premises"
"386","NM",2009,8925.99,"On Premises"
"387","NM",2010,12544.54,"On Premises"
"388","NM",2011,13349.8,"On Premises"
"389","NM",2012,13875.29,"On Premises"
"390","NM",2013,13652.7,"On Premises"
"391","NM",2014,13396.75,"On Premises"
"392","NM",2015,14181.52,"On Premises"
"393","NM",2016,14793.89,"On Premises"
"394","NM",2017,18654.17,"On Premises"
"395","NM",2018,21234.68,"On Premises"
"396","NM",2019,25948.46,"On Premises"
"397","NV",2008,15454.08,"On Premises"
"398","NV",2009,14003.16,"On Premises"
"399","NV",2010,15618.93,"On Premises"
"400","NV",2011,15819.59,"On Premises"
"401","NV",2012,15331.77,"On Premises"
"402","NV",2013,14612.82,"On Premises"
"403","NV",2014,16234.04,"On Premises"
"404","NV",2015,21635.99,"On Premises"
"405","NV",2016,17457.76,"On Premises"
"406","NV",2017,14372.05,"On Premises"
"407","NV",2018,16923.86,"On Premises"
"408","NV",2019,21115.35,"On Premises"
"409","NY",2008,12354.42,"On Premises"
"410","NY",2009,12034.5,"On Premises"
"411","NY",2010,11614.3,"On Premises"
"412","NY",2011,14572,"On Premises"
"413","NY",2012,18110.04,"On Premises"
"414","NY",2013,24800.93,"On Premises"
"415","NY",2014,38325.34,"On Premises"
"416","NY",2015,44491.79,"On Premises"
"417","NY",2016,57825.54,"On Premises"
"418","NY",2017,78958.19,"On Premises"
"419","NY",2018,112324.25,"On Premises"
"420","NY",2019,150616.79,"On Premises"
"421","OH",2008,8070.58,"On Premises"
"422","OH",2009,7718.23,"On Premises"
"423","OH",2010,8426,"On Premises"
"424","OH",2011,9229.08,"On Premises"
"425","OH",2012,11293.61,"On Premises"
"426","OH",2013,11632.86,"On Premises"
"427","OH",2014,12905.42,"On Premises"
"428","OH",2015,30296.19,"On Premises"
"429","OH",2016,50547.69,"On Premises"
"430","OH",2017,79394.13,"On Premises"
"431","OH",2018,99966.84,"On Premises"
"432","OH",2019,132029.68,"On Premises"
"433","OK",2008,3115.11,"On Premises"
"434","OK",2009,2621.87,"On Premises"
"435","OK",2010,2580.03,"On Premises"
"436","OK",2011,2354.06,"On Premises"
"437","OK",2012,2198.78,"On Premises"
"438","OK",2013,2381.47,"On Premises"
"439","OK",2014,2459.74,"On Premises"
"440","OK",2015,9930.51,"On Premises"
"441","OK",2016,9525.21,"On Premises"
"442","OK",2017,10922.26,"On Premises"
"443","OK",2018,16905.78,"On Premises"
"444","OK",2019,21128.75,"On Premises"
"445","OR",2008,20091.2,"On Premises"
"446","OR",2009,23391.44,"On Premises"
"447","OR",2010,27650,"On Premises"
"448","OR",2011,32250.56,"On Premises"
"449","OR",2012,34755.42,"On Premises"
"450","OR",2013,37006.39,"On Premises"
"451","OR",2014,33472.7,"On Premises"
"452","OR",2015,88028.35,"On Premises"
"453","OR",2016,110352.94,"On Premises"
"454","OR",2017,131075.08,"On Premises"
"455","OR",2018,121831.69,"On Premises"
"456","OR",2019,122000.26,"On Premises"
"457","PA",2008,20690.29,"On Premises"
"458","PA",2009,24100.19,"On Premises"
"459","PA",2010,26916.15,"On Premises"
"460","PA",2011,32025.24,"On Premises"
"461","PA",2012,33773.09,"On Premises"
"462","PA",2013,31943.35,"On Premises"
"463","PA",2014,30228.3,"On Premises"
"464","PA",2015,44275.02,"On Premises"
"465","PA",2016,55589.65,"On Premises"
"466","PA",2017,69737.43,"On Premises"
"467","PA",2018,78428.55,"On Premises"
"468","PA",2019,89591.8,"On Premises"
"469","RI",2008,940.31,"On Premises"
"470","RI",2009,692.41,"On Premises"
"471","RI",2010,788.29,"On Premises"
"472","RI",2011,901.31,"On Premises"
"473","RI",2012,716.47,"On Premises"
"474","RI",2013,830.8,"On Premises"
"475","RI",2014,987.13,"On Premises"
"476","RI",2015,961.74,"On Premises"
"477","RI",2016,5280.88,"On Premises"
"478","RI",2017,6891.13,"On Premises"
"479","RI",2018,15674.07,"On Premises"
"480","RI",2019,24270.72,"On Premises"
"481","SC",2008,3250.91,"On Premises"
"482","SC",2009,2901.18,"On Premises"
"483","SC",2010,3091.56,"On Premises"
"484","SC",2011,3037.92,"On Premises"
"485","SC",2012,2904.66,"On Premises"
"486","SC",2013,2711.72,"On Premises"
"487","SC",2014,3131.64,"On Premises"
"488","SC",2015,11328.32,"On Premises"
"489","SC",2016,30163.3,"On Premises"
"490","SC",2017,30800.78,"On Premises"
"491","SC",2018,38081.25,"On Premises"
"492","SC",2019,53161.06,"On Premises"
"493","SD",2008,879.82,"On Premises"
"494","SD",2009,860.25,"On Premises"
"495","SD",2010,1186.62,"On Premises"
"496","SD",2011,824.63,"On Premises"
"497","SD",2012,773.45,"On Premises"
"498","SD",2013,909.14,"On Premises"
"499","SD",2014,1336.27,"On Premises"
"500","SD",2015,1731.45,"On Premises"
"501","SD",2016,3217.49,"On Premises"
"502","SD",2017,6582.66,"On Premises"
"503","SD",2018,8928.3,"On Premises"
"504","SD",2019,9386.07,"On Premises"
"505","TN",2008,12092.4,"On Premises"
"506","TN",2009,11977.06,"On Premises"
"507","TN",2010,13633.63,"On Premises"
"508","TN",2011,9702.23,"On Premises"
"509","TN",2012,10103.13,"On Premises"
"510","TN",2013,9965.75,"On Premises"
"511","TN",2014,9220.38,"On Premises"
"512","TN",2015,18757.66,"On Premises"
"513","TN",2016,35673.47,"On Premises"
"514","TN",2017,39494.25,"On Premises"
"515","TN",2018,57029.15,"On Premises"
"516","TN",2019,59753.64,"On Premises"
"517","TX",2008,9670.24,"On Premises"
"518","TX",2009,9814.02,"On Premises"
"519","TX",2010,10556.49,"On Premises"
"520","TX",2011,10299.17,"On Premises"
"521","TX",2012,8503.31,"On Premises"
"522","TX",2013,9242.6,"On Premises"
"523","TX",2014,9471.81,"On Premises"
"524","TX",2015,62757.74,"On Premises"
"525","TX",2016,101466.52,"On Premises"
"526","TX",2017,143879.86,"On Premises"
"527","TX",2018,162547.36,"On Premises"
"528","TX",2019,196218.38,"On Premises"
"529","UT",2008,6446.05,"On Premises"
"530","UT",2009,5941.77,"On Premises"
"531","UT",2010,5226.6,"On Premises"
"532","UT",2011,5238.62,"On Premises"
"533","UT",2012,4595.18,"On Premises"
"534","UT",2013,3953.1,"On Premises"
"535","UT",2014,5875.72,"On Premises"
"536","UT",2015,4302.44,"On Premises"
"537","UT",2016,6283.83,"On Premises"
"538","UT",2017,8391.41,"On Premises"
"539","UT",2018,10153.87,"On Premises"
"540","UT",2019,19578.59,"On Premises"
"541","VA",2008,11976.19,"On Premises"
"542","VA",2009,12379.87,"On Premises"
"543","VA",2010,12732.37,"On Premises"
"544","VA",2011,12098.41,"On Premises"
"545","VA",2012,10414.51,"On Premises"
"546","VA",2013,12450.88,"On Premises"
"547","VA",2014,12352.47,"On Premises"
"548","VA",2015,36003.33,"On Premises"
"549","VA",2016,68666.78,"On Premises"
"550","VA",2017,114900.37,"On Premises"
"551","VA",2018,118672.93,"On Premises"
"552","VA",2019,163800.67,"On Premises"
"553","VT",2008,3486.81,"On Premises"
"554","VT",2009,3587.06,"On Premises"
"555","VT",2010,3661.94,"On Premises"
"556","VT",2011,3263.23,"On Premises"
"557","VT",2012,2216.5,"On Premises"
"558","VT",2013,2563.85,"On Premises"
"559","VT",2014,2692.34,"On Premises"
"560","VT",2015,10792.93,"On Premises"
"561","VT",2016,13299.51,"On Premises"
"562","VT",2017,20568.82,"On Premises"
"563","VT",2018,19980.23,"On Premises"
"564","VT",2019,23530.86,"On Premises"
"565","WA",2008,17195.23,"On Premises"
"566","WA",2009,17651.64,"On Premises"
"567","WA",2010,19965.32,"On Premises"
"568","WA",2011,18205.29,"On Premises"
"569","WA",2012,17362.29,"On Premises"
"570","WA",2013,17770.87,"On Premises"
"571","WA",2014,18066.36,"On Premises"
"572","WA",2015,45357.11,"On Premises"
"573","WA",2016,78538.88,"On Premises"
"574","WA",2017,97744.72,"On Premises"
"575","WA",2018,121733.57,"On Premises"
"576","WA",2019,144277.95,"On Premises"
"577","WI",2008,14919.93,"On Premises"
"578","WI",2009,14700.4,"On Premises"
"579","WI",2010,16669.97,"On Premises"
"580","WI",2011,19882.13,"On Premises"
"581","WI",2012,18853.61,"On Premises"
"582","WI",2013,19250.29,"On Premises"
"583","WI",2014,17885.54,"On Premises"
"584","WI",2015,34649.49,"On Premises"
"585","WI",2016,55487.79,"On Premises"
"586","WI",2017,68905.03,"On Premises"
"587","WI",2018,71830.22,"On Premises"
"588","WI",2019,74567.2,"On Premises"
"589","WV",2008,608.65,"On Premises"
"590","WV",2009,78,"On Premises"
"591","WV",2010,7.16,"On Premises"
"592","WV",2011,0,"On Premises"
"593","WV",2012,14.85,"On Premises"
"594","WV",2013,422.15,"On Premises"
"595","WV",2014,420.5,"On Premises"
"596","WV",2015,3653.33,"On Premises"
"597","WV",2016,6766.41,"On Premises"
"598","WV",2017,8218.02,"On Premises"
"599","WV",2018,7252.5,"On Premises"
"600","WV",2019,8301.94,"On Premises"
"601","WY",2008,2135.61,"On Premises"
"602","WY",2009,2518.9,"On Premises"
"603","WY",2010,2681.61,"On Premises"
"604","WY",2011,3178.55,"On Premises"
"605","WY",2012,3528.21,"On Premises"
"606","WY",2013,3544.63,"On Premises"
"607","WY",2014,3133.63,"On Premises"
"608","WY",2015,5403.2,"On Premises"
"609","WY",2016,14370.22,"On Premises"
"610","WY",2017,27214.46,"On Premises"
"611","WY",2018,15298.08,"On Premises"
"612","WY",2019,12462.54,"On Premises"
"613","total",2008,467148.07,"On Premises"
"614","total",2009,467964.96,"On Premises"
"615","total",2010,513621.9,"On Premises"
"616","total",2011,549067.09,"On Premises"
"617","total",2012,550902.89,"On Premises"
"618","total",2013,574860.64,"On Premises"
"619","total",2014,668284.27,"On Premises"
"620","total",2015,1275921.04,"On Premises"
"621","total",2016,2014125.21,"On Premises"
"622","total",2017,2656897.84,"On Premises"
"623","total",2018,3126137.57,"On Premises"
"624","total",2019,3606540.35,"On Premises"
"625","AK",2008,81218.75,"Bottles and Cans"
"626","AK",2009,89762.16,"Bottles and Cans"
"627","AK",2010,80889.21,"Bottles and Cans"
"628","AK",2011,94781.57,"Bottles and Cans"
"629","AK",2012,105416.32,"Bottles and Cans"
"630","AK",2013,112008.59,"Bottles and Cans"
"631","AK",2014,129181.74,"Bottles and Cans"
"632","AK",2015,126309.22,"Bottles and Cans"
"633","AK",2016,115823.75,"Bottles and Cans"
"634","AK",2017,109652.22,"Bottles and Cans"
"635","AK",2018,100038.94,"Bottles and Cans"
"636","AK",2019,92235.04,"Bottles and Cans"
"637","AL",2008,NA,"Bottles and Cans"
"638","AL",2009,NA,"Bottles and Cans"
"639","AL",2010,NA,"Bottles and Cans"
"640","AL",2011,658.96,"Bottles and Cans"
"641","AL",2012,2485.79,"Bottles and Cans"
"642","AL",2013,6634.43,"Bottles and Cans"
"643","AL",2014,9521.26,"Bottles and Cans"
"644","AL",2015,10543,"Bottles and Cans"
"645","AL",2016,9977.46,"Bottles and Cans"
"646","AL",2017,11797.8,"Bottles and Cans"
"647","AL",2018,14241.33,"Bottles and Cans"
"648","AL",2019,15337.81,"Bottles and Cans"
"649","AR",2008,1206.73,"Bottles and Cans"
"650","AR",2009,1269.26,"Bottles and Cans"
"651","AR",2010,1445.82,"Bottles and Cans"
"652","AR",2011,1382.06,"Bottles and Cans"
"653","AR",2012,8,"Bottles and Cans"
"654","AR",2013,8,"Bottles and Cans"
"655","AR",2014,800.09,"Bottles and Cans"
"656","AR",2015,872.11,"Bottles and Cans"
"657","AR",2016,1737.1,"Bottles and Cans"
"658","AR",2017,8723.15,"Bottles and Cans"
"659","AR",2018,1668.5,"Bottles and Cans"
"660","AR",2019,10033.89,"Bottles and Cans"
"661","AZ",2008,6980.87,"Bottles and Cans"
"662","AZ",2009,7383.27,"Bottles and Cans"
"663","AZ",2010,10380.26,"Bottles and Cans"
"664","AZ",2011,14057.56,"Bottles and Cans"
"665","AZ",2012,18411.25,"Bottles and Cans"
"666","AZ",2013,22318.65,"Bottles and Cans"
"667","AZ",2014,29645.05,"Bottles and Cans"
"668","AZ",2015,44032.85,"Bottles and Cans"
"669","AZ",2016,59031.78,"Bottles and Cans"
"670","AZ",2017,66483.94,"Bottles and Cans"
"671","AZ",2018,56861.38,"Bottles and Cans"
"672","AZ",2019,213919.27,"Bottles and Cans"
"673","CA",2008,20082718.48,"Bottles and Cans"
"674","CA",2009,19452836.45,"Bottles and Cans"
"675","CA",2010,19095643.27,"Bottles and Cans"
"676","CA",2011,18204514.85,"Bottles and Cans"
"677","CA",2012,18940276.02,"Bottles and Cans"
"678","CA",2013,17838853.36,"Bottles and Cans"
"679","CA",2014,18052809.23,"Bottles and Cans"
"680","CA",2015,17701780.59,"Bottles and Cans"
"681","CA",2016,17569308.63,"Bottles and Cans"
"682","CA",2017,16705423.6,"Bottles and Cans"
"683","CA",2018,16122748.84,"Bottles and Cans"
"684","CA",2019,15495820.4,"Bottles and Cans"
"685","CO",2008,24182900.4,"Bottles and Cans"
"686","CO",2009,21095113.55,"Bottles and Cans"
"687","CO",2010,18742266.67,"Bottles and Cans"
"688","CO",2011,18820319.55,"Bottles and Cans"
"689","CO",2012,19267902.29,"Bottles and Cans"
"690","CO",2013,18549122.13,"Bottles and Cans"
"691","CO",2014,18035909.8,"Bottles and Cans"
"692","CO",2015,17755216.77,"Bottles and Cans"
"693","CO",2016,18105206.85,"Bottles and Cans"
"694","CO",2017,17964522.31,"Bottles and Cans"
"695","CO",2018,16457400.82,"Bottles and Cans"
"696","CO",2019,17351292.18,"Bottles and Cans"
"697","CT",2008,1985.86,"Bottles and Cans"
"698","CT",2009,3152.59,"Bottles and Cans"
"699","CT",2010,4822.66,"Bottles and Cans"
"700","CT",2011,5578.56,"Bottles and Cans"
"701","CT",2012,6372.31,"Bottles and Cans"
"702","CT",2013,21549.9,"Bottles and Cans"
"703","CT",2014,50874.7,"Bottles and Cans"
"704","CT",2015,80241.6,"Bottles and Cans"
"705","CT",2016,85586.12,"Bottles and Cans"
"706","CT",2017,123130.64,"Bottles and Cans"
"707","CT",2018,117099.4,"Bottles and Cans"
"708","CT",2019,113684.6,"Bottles and Cans"
"709","DC",2008,732.36,"Bottles and Cans"
"710","DC",2009,629.61,"Bottles and Cans"
"711","DC",2010,184.8,"Bottles and Cans"
"712","DC",2011,332.23,"Bottles and Cans"
"713","DC",2012,1727.77,"Bottles and Cans"
"714","DC",2013,3546.13,"Bottles and Cans"
"715","DC",2014,4265.73,"Bottles and Cans"
"716","DC",2015,9222.28,"Bottles and Cans"
"717","DC",2016,9485.89,"Bottles and Cans"
"718","DC",2017,10449.74,"Bottles and Cans"
"719","DC",2018,11505.98,"Bottles and Cans"
"720","DC",2019,7808.04,"Bottles and Cans"
"721","DE",2008,57376.89,"Bottles and Cans"
"722","DE",2009,73743.37,"Bottles and Cans"
"723","DE",2010,89753.27,"Bottles and Cans"
"724","DE",2011,109745.27,"Bottles and Cans"
"725","DE",2012,129493.68,"Bottles and Cans"
"726","DE",2013,148156.85,"Bottles and Cans"
"727","DE",2014,167806.22,"Bottles and Cans"
"728","DE",2015,176483.9,"Bottles and Cans"
"729","DE",2016,174130.96,"Bottles and Cans"
"730","DE",2017,214555.74,"Bottles and Cans"
"731","DE",2018,217018.27,"Bottles and Cans"
"732","DE",2019,224084.01,"Bottles and Cans"
"733","FL",2008,8301524.51,"Bottles and Cans"
"734","FL",2009,9028726.18,"Bottles and Cans"
"735","FL",2010,9232548.52,"Bottles and Cans"
"736","FL",2011,9380672.31,"Bottles and Cans"
"737","FL",2012,9738023.02,"Bottles and Cans"
"738","FL",2013,9521482.11,"Bottles and Cans"
"739","FL",2014,9439058.04,"Bottles and Cans"
"740","FL",2015,9842764.82,"Bottles and Cans"
"741","FL",2016,10028963.53,"Bottles and Cans"
"742","FL",2017,9755349.98,"Bottles and Cans"
"743","FL",2018,9944711.04,"Bottles and Cans"
"744","FL",2019,9013013.49,"Bottles and Cans"
"745","GA",2008,14460115.55,"Bottles and Cans"
"746","GA",2009,15110122.41,"Bottles and Cans"
"747","GA",2010,14321565.18,"Bottles and Cans"
"748","GA",2011,14700163.67,"Bottles and Cans"
"749","GA",2012,15000803.63,"Bottles and Cans"
"750","GA",2013,14681673.2,"Bottles and Cans"
"751","GA",2014,13929282.27,"Bottles and Cans"
"752","GA",2015,12869372.66,"Bottles and Cans"
"753","GA",2016,13468949.41,"Bottles and Cans"
"754","GA",2017,13440658.34,"Bottles and Cans"
"755","GA",2018,13665906.76,"Bottles and Cans"
"756","GA",2019,12855949.27,"Bottles and Cans"
"757","HI",2008,3244.23,"Bottles and Cans"
"758","HI",2009,5154.78,"Bottles and Cans"
"759","HI",2010,7518.77,"Bottles and Cans"
"760","HI",2011,12683.85,"Bottles and Cans"
"761","HI",2012,13350.64,"Bottles and Cans"
"762","HI",2013,13208.44,"Bottles and Cans"
"763","HI",2014,13039.35,"Bottles and Cans"
"764","HI",2015,17643.83,"Bottles and Cans"
"765","HI",2016,24101.03,"Bottles and Cans"
"766","HI",2017,30194.62,"Bottles and Cans"
"767","HI",2018,34458.29,"Bottles and Cans"
"768","HI",2019,35265.45,"Bottles and Cans"
"769","IA",2008,1951.71,"Bottles and Cans"
"770","IA",2009,2714.54,"Bottles and Cans"
"771","IA",2010,3817.78,"Bottles and Cans"
"772","IA",2011,4178.1,"Bottles and Cans"
"773","IA",2012,4309.38,"Bottles and Cans"
"774","IA",2013,5519.98,"Bottles and Cans"
"775","IA",2014,8090.96,"Bottles and Cans"
"776","IA",2015,6886.79,"Bottles and Cans"
"777","IA",2016,4303.13,"Bottles and Cans"
"778","IA",2017,5108.17,"Bottles and Cans"
"779","IA",2018,10200.98,"Bottles and Cans"
"780","IA",2019,29810.82,"Bottles and Cans"
"781","ID",2008,4710.76,"Bottles and Cans"
"782","ID",2009,4765.33,"Bottles and Cans"
"783","ID",2010,6143.5,"Bottles and Cans"
"784","ID",2011,6407.47,"Bottles and Cans"
"785","ID",2012,9112.66,"Bottles and Cans"
"786","ID",2013,11093.1,"Bottles and Cans"
"787","ID",2014,14718.98,"Bottles and Cans"
"788","ID",2015,15257.78,"Bottles and Cans"
"789","ID",2016,15422.23,"Bottles and Cans"
"790","ID",2017,16421.24,"Bottles and Cans"
"791","ID",2018,14567.03,"Bottles and Cans"
"792","ID",2019,16303.95,"Bottles and Cans"
"793","IL",2008,735775.96,"Bottles and Cans"
"794","IL",2009,920737.45,"Bottles and Cans"
"795","IL",2010,935134.49,"Bottles and Cans"
"796","IL",2011,911312.4,"Bottles and Cans"
"797","IL",2012,786867.4,"Bottles and Cans"
"798","IL",2013,944038.45,"Bottles and Cans"
"799","IL",2014,946826.09,"Bottles and Cans"
"800","IL",2015,1177503.56,"Bottles and Cans"
"801","IL",2016,1281395.63,"Bottles and Cans"
"802","IL",2017,1127874.13,"Bottles and Cans"
"803","IL",2018,1209497.06,"Bottles and Cans"
"804","IL",2019,1225146.67,"Bottles and Cans"
"805","IN",2008,7626.27,"Bottles and Cans"
"806","IN",2009,9704.3,"Bottles and Cans"
"807","IN",2010,13724.96,"Bottles and Cans"
"808","IN",2011,19393.24,"Bottles and Cans"
"809","IN",2012,32664.02,"Bottles and Cans"
"810","IN",2013,37750.09,"Bottles and Cans"
"811","IN",2014,48204.65,"Bottles and Cans"
"812","IN",2015,55466.71,"Bottles and Cans"
"813","IN",2016,67624,"Bottles and Cans"
"814","IN",2017,72637.37,"Bottles and Cans"
"815","IN",2018,68032.19,"Bottles and Cans"
"816","IN",2019,61722.24,"Bottles and Cans"
"817","KS",2008,749,"Bottles and Cans"
"818","KS",2009,1869.36,"Bottles and Cans"
"819","KS",2010,4887.37,"Bottles and Cans"
"820","KS",2011,9179.79,"Bottles and Cans"
"821","KS",2012,9537.42,"Bottles and Cans"
"822","KS",2013,11226.9,"Bottles and Cans"
"823","KS",2014,15852.43,"Bottles and Cans"
"824","KS",2015,19051.11,"Bottles and Cans"
"825","KS",2016,17069.96,"Bottles and Cans"
"826","KS",2017,16123.88,"Bottles and Cans"
"827","KS",2018,6626.39,"Bottles and Cans"
"828","KS",2019,6917.34,"Bottles and Cans"
"829","KY",2008,76976.9,"Bottles and Cans"
"830","KY",2009,76927.25,"Bottles and Cans"
"831","KY",2010,68413.44,"Bottles and Cans"
"832","KY",2011,58747.18,"Bottles and Cans"
"833","KY",2012,70540.28,"Bottles and Cans"
"834","KY",2013,78440.18,"Bottles and Cans"
"835","KY",2014,86161.38,"Bottles and Cans"
"836","KY",2015,99595.65,"Bottles and Cans"
"837","KY",2016,97413.84,"Bottles and Cans"
"838","KY",2017,115167.63,"Bottles and Cans"
"839","KY",2018,129683.59,"Bottles and Cans"
"840","KY",2019,144579.27,"Bottles and Cans"
"841","LA",2008,53303.39,"Bottles and Cans"
"842","LA",2009,58728.33,"Bottles and Cans"
"843","LA",2010,71390.8,"Bottles and Cans"
"844","LA",2011,81163.65,"Bottles and Cans"
"845","LA",2012,98359.97,"Bottles and Cans"
"846","LA",2013,101715.41,"Bottles and Cans"
"847","LA",2014,109386.36,"Bottles and Cans"
"848","LA",2015,109962.3,"Bottles and Cans"
"849","LA",2016,104479.26,"Bottles and Cans"
"850","LA",2017,102647.73,"Bottles and Cans"
"851","LA",2018,97625.45,"Bottles and Cans"
"852","LA",2019,83159.92,"Bottles and Cans"
"853","MA",2008,51229.45,"Bottles and Cans"
"854","MA",2009,64333.05,"Bottles and Cans"
"855","MA",2010,72352.47,"Bottles and Cans"
"856","MA",2011,91092.86,"Bottles and Cans"
"857","MA",2012,107665.45,"Bottles and Cans"
"858","MA",2013,127282.86,"Bottles and Cans"
"859","MA",2014,133223.43,"Bottles and Cans"
"860","MA",2015,140674.77,"Bottles and Cans"
"861","MA",2016,168617.48,"Bottles and Cans"
"862","MA",2017,232429.02,"Bottles and Cans"
"863","MA",2018,233473.01,"Bottles and Cans"
"864","MA",2019,228565.35,"Bottles and Cans"
"865","MD",2008,47959.13,"Bottles and Cans"
"866","MD",2009,48841.34,"Bottles and Cans"
"867","MD",2010,63027.57,"Bottles and Cans"
"868","MD",2011,74120.55,"Bottles and Cans"
"869","MD",2012,75360.92,"Bottles and Cans"
"870","MD",2013,89731.45,"Bottles and Cans"
"871","MD",2014,104085.75,"Bottles and Cans"
"872","MD",2015,113778.85,"Bottles and Cans"
"873","MD",2016,110105.25,"Bottles and Cans"
"874","MD",2017,109556.2,"Bottles and Cans"
"875","MD",2018,221125.22,"Bottles and Cans"
"876","MD",2019,302088.7,"Bottles and Cans"
"877","ME",2008,76817.87,"Bottles and Cans"
"878","ME",2009,74021.63,"Bottles and Cans"
"879","ME",2010,88631.9,"Bottles and Cans"
"880","ME",2011,114906.5,"Bottles and Cans"
"881","ME",2012,124123.97,"Bottles and Cans"
"882","ME",2013,122877.92,"Bottles and Cans"
"883","ME",2014,132025.53,"Bottles and Cans"
"884","ME",2015,136646.89,"Bottles and Cans"
"885","ME",2016,136065.27,"Bottles and Cans"
"886","ME",2017,126135.75,"Bottles and Cans"
"887","ME",2018,83500.42,"Bottles and Cans"
"888","ME",2019,73118.94,"Bottles and Cans"
"889","MI",2008,83937.28,"Bottles and Cans"
"890","MI",2009,95754.44,"Bottles and Cans"
"891","MI",2010,129159.89,"Bottles and Cans"
"892","MI",2011,198151.04,"Bottles and Cans"
"893","MI",2012,284832.91,"Bottles and Cans"
"894","MI",2013,272746.16,"Bottles and Cans"
"895","MI",2014,419973.01,"Bottles and Cans"
"896","MI",2015,542697.93,"Bottles and Cans"
"897","MI",2016,630694.91,"Bottles and Cans"
"898","MI",2017,781680.17,"Bottles and Cans"
"899","MI",2018,902093.81,"Bottles and Cans"
"900","MI",2019,948026.03,"Bottles and Cans"
"901","MN",2008,223517.81,"Bottles and Cans"
"902","MN",2009,221315.48,"Bottles and Cans"
"903","MN",2010,212445.88,"Bottles and Cans"
"904","MN",2011,259668.58,"Bottles and Cans"
"905","MN",2012,232657.19,"Bottles and Cans"
"906","MN",2013,253317.42,"Bottles and Cans"
"907","MN",2014,285724.01,"Bottles and Cans"
"908","MN",2015,314887.35,"Bottles and Cans"
"909","MN",2016,305430.57,"Bottles and Cans"
"910","MN",2017,331456.26,"Bottles and Cans"
"911","MN",2018,442264.6,"Bottles and Cans"
"912","MN",2019,1393791.89,"Bottles and Cans"
"913","MO",2008,14124480.48,"Bottles and Cans"
"914","MO",2009,13429771.56,"Bottles and Cans"
"915","MO",2010,12455434.53,"Bottles and Cans"
"916","MO",2011,12278066.32,"Bottles and Cans"
"917","MO",2012,12808818.03,"Bottles and Cans"
"918","MO",2013,12586027.39,"Bottles and Cans"
"919","MO",2014,12366680.51,"Bottles and Cans"
"920","MO",2015,12493739.84,"Bottles and Cans"
"921","MO",2016,12567319.73,"Bottles and Cans"
"922","MO",2017,12110143.63,"Bottles and Cans"
"923","MO",2018,11927936.41,"Bottles and Cans"
"924","MO",2019,11393001.56,"Bottles and Cans"
"925","MS",2008,1952.64,"Bottles and Cans"
"926","MS",2009,3521.57,"Bottles and Cans"
"927","MS",2010,5188.87,"Bottles and Cans"
"928","MS",2011,6646.41,"Bottles and Cans"
"929","MS",2012,8051.63,"Bottles and Cans"
"930","MS",2013,10044.08,"Bottles and Cans"
"931","MS",2014,13409.98,"Bottles and Cans"
"932","MS",2015,11793.55,"Bottles and Cans"
"933","MS",2016,8237.78,"Bottles and Cans"
"934","MS",2017,6798.97,"Bottles and Cans"
"935","MS",2018,6788.76,"Bottles and Cans"
"936","MS",2019,6174.98,"Bottles and Cans"
"937","MT",2008,32902.39,"Bottles and Cans"
"938","MT",2009,36322.98,"Bottles and Cans"
"939","MT",2010,42673.97,"Bottles and Cans"
"940","MT",2011,50457.49,"Bottles and Cans"
"941","MT",2012,53243.54,"Bottles and Cans"
"942","MT",2013,56224.96,"Bottles and Cans"
"943","MT",2014,64538.3,"Bottles and Cans"
"944","MT",2015,71159.76,"Bottles and Cans"
"945","MT",2016,65207.68,"Bottles and Cans"
"946","MT",2017,67927.38,"Bottles and Cans"
"947","MT",2018,63609.62,"Bottles and Cans"
"948","MT",2019,60992.74,"Bottles and Cans"
"949","NC",2008,6717728.97,"Bottles and Cans"
"950","NC",2009,7129633.14,"Bottles and Cans"
"951","NC",2010,6943748.84,"Bottles and Cans"
"952","NC",2011,6600785.11,"Bottles and Cans"
"953","NC",2012,6735801.22,"Bottles and Cans"
"954","NC",2013,6515751.81,"Bottles and Cans"
"955","NC",2014,6311112.23,"Bottles and Cans"
"956","NC",2015,6341549.69,"Bottles and Cans"
"957","NC",2016,3389539.45,"Bottles and Cans"
"958","NC",2017,880391.57,"Bottles and Cans"
"959","NC",2018,935057.28,"Bottles and Cans"
"960","NC",2019,982104.25,"Bottles and Cans"
"961","ND",2008,NA,"Bottles and Cans"
"962","ND",2009,NA,"Bottles and Cans"
"963","ND",2010,NA,"Bottles and Cans"
"964","ND",2011,NA,"Bottles and Cans"
"965","ND",2012,NA,"Bottles and Cans"
"966","ND",2013,133.11,"Bottles and Cans"
"967","ND",2014,1363.95,"Bottles and Cans"
"968","ND",2015,1891.37,"Bottles and Cans"
"969","ND",2016,771.99,"Bottles and Cans"
"970","ND",2017,1480.51,"Bottles and Cans"
"971","ND",2018,241.84,"Bottles and Cans"
"972","ND",2019,36.88,"Bottles and Cans"
"973","NE",2008,1792.16,"Bottles and Cans"
"974","NE",2009,2575.65,"Bottles and Cans"
"975","NE",2010,4950.25,"Bottles and Cans"
"976","NE",2011,5885.5,"Bottles and Cans"
"977","NE",2012,6780.45,"Bottles and Cans"
"978","NE",2013,2073.18,"Bottles and Cans"
"979","NE",2014,12738.17,"Bottles and Cans"
"980","NE",2015,10792.33,"Bottles and Cans"
"981","NE",2016,13944.91,"Bottles and Cans"
"982","NE",2017,13914.72,"Bottles and Cans"
"983","NE",2018,13114.23,"Bottles and Cans"
"984","NE",2019,13354.17,"Bottles and Cans"
"985","NH",2008,2786576.49,"Bottles and Cans"
"986","NH",2009,2817627.46,"Bottles and Cans"
"987","NH",2010,2885016.06,"Bottles and Cans"
"988","NH",2011,2734941.12,"Bottles and Cans"
"989","NH",2012,2927305.84,"Bottles and Cans"
"990","NH",2013,2854790.85,"Bottles and Cans"
"991","NH",2014,2745595.26,"Bottles and Cans"
"992","NH",2015,2856383.87,"Bottles and Cans"
"993","NH",2016,2837839.95,"Bottles and Cans"
"994","NH",2017,2746031.96,"Bottles and Cans"
"995","NH",2018,2579021.31,"Bottles and Cans"
"996","NH",2019,2276766.48,"Bottles and Cans"
"997","NJ",2008,6600357.44,"Bottles and Cans"
"998","NJ",2009,6522536.49,"Bottles and Cans"
"999","NJ",2010,6920666.14,"Bottles and Cans"
"1000","NJ",2011,5908969.19,"Bottles and Cans"
"1001","NJ",2012,4572952.86,"Bottles and Cans"
"1002","NJ",2013,4264380.69,"Bottles and Cans"
"1003","NJ",2014,4316395.59,"Bottles and Cans"
"1004","NJ",2015,3221454.37,"Bottles and Cans"
"1005","NJ",2016,2660433.24,"Bottles and Cans"
"1006","NJ",2017,2439250.35,"Bottles and Cans"
"1007","NJ",2018,2770939.78,"Bottles and Cans"
"1008","NJ",2019,2507478.59,"Bottles and Cans"
"1009","NM",2008,4447.6,"Bottles and Cans"
"1010","NM",2009,6387.49,"Bottles and Cans"
"1011","NM",2010,9364.7,"Bottles and Cans"
"1012","NM",2011,14169.83,"Bottles and Cans"
"1013","NM",2012,17164.28,"Bottles and Cans"
"1014","NM",2013,18327.17,"Bottles and Cans"
"1015","NM",2014,26140.3,"Bottles and Cans"
"1016","NM",2015,30487.22,"Bottles and Cans"
"1017","NM",2016,29126.65,"Bottles and Cans"
"1018","NM",2017,38350.28,"Bottles and Cans"
"1019","NM",2018,48212.94,"Bottles and Cans"
"1020","NM",2019,55513.97,"Bottles and Cans"
"1021","NV",2008,234.05,"Bottles and Cans"
"1022","NV",2009,700.47,"Bottles and Cans"
"1023","NV",2010,939.85,"Bottles and Cans"
"1024","NV",2011,1790.02,"Bottles and Cans"
"1025","NV",2012,3647.33,"Bottles and Cans"
"1026","NV",2013,4561.27,"Bottles and Cans"
"1027","NV",2014,6322.08,"Bottles and Cans"
"1028","NV",2015,6091,"Bottles and Cans"
"1029","NV",2016,6477.36,"Bottles and Cans"
"1030","NV",2017,8418.87,"Bottles and Cans"
"1031","NV",2018,12241.81,"Bottles and Cans"
"1032","NV",2019,17351.27,"Bottles and Cans"
"1033","NY",2008,6997372.81,"Bottles and Cans"
"1034","NY",2009,6307846.95,"Bottles and Cans"
"1035","NY",2010,6376824.8,"Bottles and Cans"
"1036","NY",2011,5779655.18,"Bottles and Cans"
"1037","NY",2012,6832275.59,"Bottles and Cans"
"1038","NY",2013,7166945.25,"Bottles and Cans"
"1039","NY",2014,6749799.4,"Bottles and Cans"
"1040","NY",2015,7218516.11,"Bottles and Cans"
"1041","NY",2016,7555530.53,"Bottles and Cans"
"1042","NY",2017,7507875.58,"Bottles and Cans"
"1043","NY",2018,7428652.03,"Bottles and Cans"
"1044","NY",2019,7720584.9,"Bottles and Cans"
"1045","OH",2008,18015059.22,"Bottles and Cans"
"1046","OH",2009,17920640.25,"Bottles and Cans"
"1047","OH",2010,18272288.93,"Bottles and Cans"
"1048","OH",2011,18312552.08,"Bottles and Cans"
"1049","OH",2012,17318045.77,"Bottles and Cans"
"1050","OH",2013,16646929.63,"Bottles and Cans"
"1051","OH",2014,17044931.31,"Bottles and Cans"
"1052","OH",2015,18060472.31,"Bottles and Cans"
"1053","OH",2016,18130886.35,"Bottles and Cans"
"1054","OH",2017,17733218.04,"Bottles and Cans"
"1055","OH",2018,16201555.3,"Bottles and Cans"
"1056","OH",2019,16176334.47,"Bottles and Cans"
"1057","OK",2008,1186.99,"Bottles and Cans"
"1058","OK",2009,2284.47,"Bottles and Cans"
"1059","OK",2010,2937.63,"Bottles and Cans"
"1060","OK",2011,3593.6,"Bottles and Cans"
"1061","OK",2012,3706.66,"Bottles and Cans"
"1062","OK",2013,3141.24,"Bottles and Cans"
"1063","OK",2014,5620.53,"Bottles and Cans"
"1064","OK",2015,6990.95,"Bottles and Cans"
"1065","OK",2016,8597.36,"Bottles and Cans"
"1066","OK",2017,8032.06,"Bottles and Cans"
"1067","OK",2018,183.59,"Bottles and Cans"
"1068","OK",2019,589.29,"Bottles and Cans"
"1069","OR",2008,524814.27,"Bottles and Cans"
"1070","OR",2009,581456.86,"Bottles and Cans"
"1071","OR",2010,659065.27,"Bottles and Cans"
"1072","OR",2011,772698.31,"Bottles and Cans"
"1073","OR",2012,848065.57,"Bottles and Cans"
"1074","OR",2013,937521.77,"Bottles and Cans"
"1075","OR",2014,1036589.35,"Bottles and Cans"
"1076","OR",2015,1089613.2,"Bottles and Cans"
"1077","OR",2016,1124515.37,"Bottles and Cans"
"1078","OR",2017,1019538.32,"Bottles and Cans"
"1079","OR",2018,990592.29,"Bottles and Cans"
"1080","OR",2019,970083.59,"Bottles and Cans"
"1081","PA",2008,2238872.56,"Bottles and Cans"
"1082","PA",2009,2262763.16,"Bottles and Cans"
"1083","PA",2010,2685440.45,"Bottles and Cans"
"1084","PA",2011,3128166.8,"Bottles and Cans"
"1085","PA",2012,3411033.49,"Bottles and Cans"
"1086","PA",2013,4005887.4,"Bottles and Cans"
"1087","PA",2014,4246712.36,"Bottles and Cans"
"1088","PA",2015,4140992.46,"Bottles and Cans"
"1089","PA",2016,3853670.66,"Bottles and Cans"
"1090","PA",2017,3637399.93,"Bottles and Cans"
"1091","PA",2018,4126266.57,"Bottles and Cans"
"1092","PA",2019,5175879.25,"Bottles and Cans"
"1093","RI",2008,78,"Bottles and Cans"
"1094","RI",2009,76,"Bottles and Cans"
"1095","RI",2010,1613,"Bottles and Cans"
"1096","RI",2011,1692,"Bottles and Cans"
"1097","RI",2012,2021.32,"Bottles and Cans"
"1098","RI",2013,4181.58,"Bottles and Cans"
"1099","RI",2014,4949.18,"Bottles and Cans"
"1100","RI",2015,5592.76,"Bottles and Cans"
"1101","RI",2016,6646.02,"Bottles and Cans"
"1102","RI",2017,16985.26,"Bottles and Cans"
"1103","RI",2018,32268.25,"Bottles and Cans"
"1104","RI",2019,42190.46,"Bottles and Cans"
"1105","SC",2008,3475.55,"Bottles and Cans"
"1106","SC",2009,4733.84,"Bottles and Cans"
"1107","SC",2010,6346.93,"Bottles and Cans"
"1108","SC",2011,10771.16,"Bottles and Cans"
"1109","SC",2012,12903.66,"Bottles and Cans"
"1110","SC",2013,17725.52,"Bottles and Cans"
"1111","SC",2014,21211.65,"Bottles and Cans"
"1112","SC",2015,24319.79,"Bottles and Cans"
"1113","SC",2016,20753.29,"Bottles and Cans"
"1114","SC",2017,20894.82,"Bottles and Cans"
"1115","SC",2018,19482.87,"Bottles and Cans"
"1116","SC",2019,17600.06,"Bottles and Cans"
"1117","SD",2008,NA,"Bottles and Cans"
"1118","SD",2009,NA,"Bottles and Cans"
"1119","SD",2010,97.6,"Bottles and Cans"
"1120","SD",2011,424.14,"Bottles and Cans"
"1121","SD",2012,619.7,"Bottles and Cans"
"1122","SD",2013,785.06,"Bottles and Cans"
"1123","SD",2014,823.65,"Bottles and Cans"
"1124","SD",2015,1028.03,"Bottles and Cans"
"1125","SD",2016,935.83,"Bottles and Cans"
"1126","SD",2017,1132.85,"Bottles and Cans"
"1127","SD",2018,877.45,"Bottles and Cans"
"1128","SD",2019,935.45,"Bottles and Cans"
"1129","TN",2008,292.08,"Bottles and Cans"
"1130","TN",2009,98.75,"Bottles and Cans"
"1131","TN",2010,112.1,"Bottles and Cans"
"1132","TN",2011,1051.89,"Bottles and Cans"
"1133","TN",2012,380277,"Bottles and Cans"
"1134","TN",2013,560336.92,"Bottles and Cans"
"1135","TN",2014,696681.85,"Bottles and Cans"
"1136","TN",2015,1073651.26,"Bottles and Cans"
"1137","TN",2016,1116453.27,"Bottles and Cans"
"1138","TN",2017,1307141.77,"Bottles and Cans"
"1139","TN",2018,1750984.8,"Bottles and Cans"
"1140","TN",2019,2641268.05,"Bottles and Cans"
"1141","TX",2008,18671765.96,"Bottles and Cans"
"1142","TX",2009,19020183.48,"Bottles and Cans"
"1143","TX",2010,18985409.81,"Bottles and Cans"
"1144","TX",2011,18934858.19,"Bottles and Cans"
"1145","TX",2012,17941441.31,"Bottles and Cans"
"1146","TX",2013,18373013.26,"Bottles and Cans"
"1147","TX",2014,18841742.38,"Bottles and Cans"
"1148","TX",2015,18151237.17,"Bottles and Cans"
"1149","TX",2016,18582286.52,"Bottles and Cans"
"1150","TX",2017,18110667.95,"Bottles and Cans"
"1151","TX",2018,16987670.45,"Bottles and Cans"
"1152","TX",2019,16934638.35,"Bottles and Cans"
"1153","UT",2008,22701.49,"Bottles and Cans"
"1154","UT",2009,22586.94,"Bottles and Cans"
"1155","UT",2010,28681.77,"Bottles and Cans"
"1156","UT",2011,40477.43,"Bottles and Cans"
"1157","UT",2012,62120.44,"Bottles and Cans"
"1158","UT",2013,80300.79,"Bottles and Cans"
"1159","UT",2014,101610.11,"Bottles and Cans"
"1160","UT",2015,117512.5,"Bottles and Cans"
"1161","UT",2016,124719.01,"Bottles and Cans"
"1162","UT",2017,126456.78,"Bottles and Cans"
"1163","UT",2018,110817.78,"Bottles and Cans"
"1164","UT",2019,91927.41,"Bottles and Cans"
"1165","VA",2008,14083265,"Bottles and Cans"
"1166","VA",2009,13471382.64,"Bottles and Cans"
"1167","VA",2010,12809681.79,"Bottles and Cans"
"1168","VA",2011,12531661.75,"Bottles and Cans"
"1169","VA",2012,13408374.35,"Bottles and Cans"
"1170","VA",2013,12891463.92,"Bottles and Cans"
"1171","VA",2014,12259344.53,"Bottles and Cans"
"1172","VA",2015,11190928.41,"Bottles and Cans"
"1173","VA",2016,11211279.68,"Bottles and Cans"
"1174","VA",2017,12678626.95,"Bottles and Cans"
"1175","VA",2018,12333484.1,"Bottles and Cans"
"1176","VA",2019,12829543.99,"Bottles and Cans"
"1177","VT",2008,219875.42,"Bottles and Cans"
"1178","VT",2009,217101.35,"Bottles and Cans"
"1179","VT",2010,248184.49,"Bottles and Cans"
"1180","VT",2011,289840.71,"Bottles and Cans"
"1181","VT",2012,273965.87,"Bottles and Cans"
"1182","VT",2013,271560.29,"Bottles and Cans"
"1183","VT",2014,258101.46,"Bottles and Cans"
"1184","VT",2015,264417.4,"Bottles and Cans"
"1185","VT",2016,220195.37,"Bottles and Cans"
"1186","VT",2017,208884.06,"Bottles and Cans"
"1187","VT",2018,187172.15,"Bottles and Cans"
"1188","VT",2019,178160.04,"Bottles and Cans"
"1189","WA",2008,130485.73,"Bottles and Cans"
"1190","WA",2009,126287.74,"Bottles and Cans"
"1191","WA",2010,128996.61,"Bottles and Cans"
"1192","WA",2011,121471.16,"Bottles and Cans"
"1193","WA",2012,116944.26,"Bottles and Cans"
"1194","WA",2013,125917.12,"Bottles and Cans"
"1195","WA",2014,140925.38,"Bottles and Cans"
"1196","WA",2015,163346.76,"Bottles and Cans"
"1197","WA",2016,139649.07,"Bottles and Cans"
"1198","WA",2017,142440.45,"Bottles and Cans"
"1199","WA",2018,174684.94,"Bottles and Cans"
"1200","WA",2019,188786.24,"Bottles and Cans"
"1201","WI",2008,7202790.46,"Bottles and Cans"
"1202","WI",2009,9095536.35,"Bottles and Cans"
"1203","WI",2010,10240080.7,"Bottles and Cans"
"1204","WI",2011,9002320.57,"Bottles and Cans"
"1205","WI",2012,8884190.43,"Bottles and Cans"
"1206","WI",2013,9038409.69,"Bottles and Cans"
"1207","WI",2014,9100215.78,"Bottles and Cans"
"1208","WI",2015,9090297.72,"Bottles and Cans"
"1209","WI",2016,9142816.33,"Bottles and Cans"
"1210","WI",2017,9189949.38,"Bottles and Cans"
"1211","WI",2018,9225292.71,"Bottles and Cans"
"1212","WI",2019,8353029.28,"Bottles and Cans"
"1213","WV",2008,1277.63,"Bottles and Cans"
"1214","WV",2009,734,"Bottles and Cans"
"1215","WV",2010,569.55,"Bottles and Cans"
"1216","WV",2011,120.33,"Bottles and Cans"
"1217","WV",2012,23.18,"Bottles and Cans"
"1218","WV",2013,87.86,"Bottles and Cans"
"1219","WV",2014,43.45,"Bottles and Cans"
"1220","WV",2015,60.86,"Bottles and Cans"
"1221","WV",2016,40.86,"Bottles and Cans"
"1222","WV",2017,15.6,"Bottles and Cans"
"1223","WV",2018,20.73,"Bottles and Cans"
"1224","WV",2019,14.16,"Bottles and Cans"
"1225","WY",2008,1666.38,"Bottles and Cans"
"1226","WY",2009,1851.16,"Bottles and Cans"
"1227","WY",2010,1649.54,"Bottles and Cans"
"1228","WY",2011,1916.37,"Bottles and Cans"
"1229","WY",2012,2580.15,"Bottles and Cans"
"1230","WY",2013,2755.25,"Bottles and Cans"
"1231","WY",2014,2447.42,"Bottles and Cans"
"1232","WY",2015,3409.94,"Bottles and Cans"
"1233","WY",2016,6946.93,"Bottles and Cans"
"1234","WY",2017,7393.61,"Bottles and Cans"
"1235","WY",2018,11129.22,"Bottles and Cans"
"1236","WY",2019,14611.11,"Bottles and Cans"
"1237","total",2008,166930011.93,"Bottles and Cans"
"1238","total",2009,165432246.88,"Bottles and Cans"
"1239","total",2010,162972112.66,"Bottles and Cans"
"1240","total",2011,159708194.46,"Bottles and Cans"
"1241","total",2012,161692656.22,"Bottles and Cans"
"1242","total",2013,159413578.77,"Bottles and Cans"
"1243","total",2014,158542512.22,"Bottles and Cans"
"1244","total",2015,157014623.95,"Bottles and Cans"
"1245","total",2016,155415745.23,"Bottles and Cans"
"1246","total",2017,151507541.28,"Bottles and Cans"
"1247","total",2018,148100648.51,"Bottles and Cans"
"1248","total",2019,148590625.56,"Bottles and Cans"
"1249","AK",2008,50920.35,"Kegs and Barrels"
"1250","AK",2009,52278.05,"Kegs and Barrels"
"1251","AK",2010,54395.32,"Kegs and Barrels"
"1252","AK",2011,58519.66,"Kegs and Barrels"
"1253","AK",2012,65679.13,"Kegs and Barrels"
"1254","AK",2013,68867.58,"Kegs and Barrels"
"1255","AK",2014,73823.62,"Kegs and Barrels"
"1256","AK",2015,74606.28,"Kegs and Barrels"
"1257","AK",2016,69473.78,"Kegs and Barrels"
"1258","AK",2017,66217.06,"Kegs and Barrels"
"1259","AK",2018,62922.15,"Kegs and Barrels"
"1260","AK",2019,55454.19,"Kegs and Barrels"
"1261","AL",2008,157.33,"Kegs and Barrels"
"1262","AL",2009,459.88,"Kegs and Barrels"
"1263","AL",2010,547.69,"Kegs and Barrels"
"1264","AL",2011,1810.06,"Kegs and Barrels"
"1265","AL",2012,6453.45,"Kegs and Barrels"
"1266","AL",2013,11747.74,"Kegs and Barrels"
"1267","AL",2014,13749.96,"Kegs and Barrels"
"1268","AL",2015,11465.23,"Kegs and Barrels"
"1269","AL",2016,11846.23,"Kegs and Barrels"
"1270","AL",2017,8771.22,"Kegs and Barrels"
"1271","AL",2018,9873.67,"Kegs and Barrels"
"1272","AL",2019,9014.92,"Kegs and Barrels"
"1273","AR",2008,882.83,"Kegs and Barrels"
"1274","AR",2009,1081.95,"Kegs and Barrels"
"1275","AR",2010,1318.17,"Kegs and Barrels"
"1276","AR",2011,1144.17,"Kegs and Barrels"
"1277","AR",2012,125.94,"Kegs and Barrels"
"1278","AR",2013,1078.21,"Kegs and Barrels"
"1279","AR",2014,2787.48,"Kegs and Barrels"
"1280","AR",2015,6965.83,"Kegs and Barrels"
"1281","AR",2016,9058.3,"Kegs and Barrels"
"1282","AR",2017,4824.97,"Kegs and Barrels"
"1283","AR",2018,1623.57,"Kegs and Barrels"
"1284","AR",2019,3959.08,"Kegs and Barrels"
"1285","AZ",2008,18635.98,"Kegs and Barrels"
"1286","AZ",2009,18303.18,"Kegs and Barrels"
"1287","AZ",2010,24410.52,"Kegs and Barrels"
"1288","AZ",2011,32848.92,"Kegs and Barrels"
"1289","AZ",2012,44792.72,"Kegs and Barrels"
"1290","AZ",2013,59074.04,"Kegs and Barrels"
"1291","AZ",2014,80214.06,"Kegs and Barrels"
"1292","AZ",2015,74997.94,"Kegs and Barrels"
"1293","AZ",2016,71863.7,"Kegs and Barrels"
"1294","AZ",2017,70469.77,"Kegs and Barrels"
"1295","AZ",2018,71892.05,"Kegs and Barrels"
"1296","AZ",2019,88478.11,"Kegs and Barrels"
"1297","CA",2008,2005517.01,"Kegs and Barrels"
"1298","CA",2009,2070667.22,"Kegs and Barrels"
"1299","CA",2010,2198550.1,"Kegs and Barrels"
"1300","CA",2011,2166028.35,"Kegs and Barrels"
"1301","CA",2012,2272768.96,"Kegs and Barrels"
"1302","CA",2013,2388676.84,"Kegs and Barrels"
"1303","CA",2014,2330092.84,"Kegs and Barrels"
"1304","CA",2015,2220498.84,"Kegs and Barrels"
"1305","CA",2016,2165833.96,"Kegs and Barrels"
"1306","CA",2017,2178070.92,"Kegs and Barrels"
"1307","CA",2018,2054263.98,"Kegs and Barrels"
"1308","CA",2019,1977084,"Kegs and Barrels"
"1309","CO",2008,2564428.26,"Kegs and Barrels"
"1310","CO",2009,2285814.82,"Kegs and Barrels"
"1311","CO",2010,2279812.02,"Kegs and Barrels"
"1312","CO",2011,2277201.65,"Kegs and Barrels"
"1313","CO",2012,2290799.82,"Kegs and Barrels"
"1314","CO",2013,2177094.68,"Kegs and Barrels"
"1315","CO",2014,2207491.04,"Kegs and Barrels"
"1316","CO",2015,2083226.02,"Kegs and Barrels"
"1317","CO",2016,1898362.52,"Kegs and Barrels"
"1318","CO",2017,1560670.89,"Kegs and Barrels"
"1319","CO",2018,1598523.94,"Kegs and Barrels"
"1320","CO",2019,1570358.69,"Kegs and Barrels"
"1321","CT",2008,3851.71,"Kegs and Barrels"
"1322","CT",2009,5471.25,"Kegs and Barrels"
"1323","CT",2010,6823.23,"Kegs and Barrels"
"1324","CT",2011,8033.77,"Kegs and Barrels"
"1325","CT",2012,6849.69,"Kegs and Barrels"
"1326","CT",2013,20486.04,"Kegs and Barrels"
"1327","CT",2014,33903.03,"Kegs and Barrels"
"1328","CT",2015,38194.71,"Kegs and Barrels"
"1329","CT",2016,47595.2,"Kegs and Barrels"
"1330","CT",2017,93599.78,"Kegs and Barrels"
"1331","CT",2018,50128.49,"Kegs and Barrels"
"1332","CT",2019,46190.93,"Kegs and Barrels"
"1333","DC",2008,NA,"Kegs and Barrels"
"1334","DC",2009,NA,"Kegs and Barrels"
"1335","DC",2010,NA,"Kegs and Barrels"
"1336","DC",2011,1366.16,"Kegs and Barrels"
"1337","DC",2012,4257.53,"Kegs and Barrels"
"1338","DC",2013,5934.43,"Kegs and Barrels"
"1339","DC",2014,8335.8,"Kegs and Barrels"
"1340","DC",2015,8925.18,"Kegs and Barrels"
"1341","DC",2016,9664.33,"Kegs and Barrels"
"1342","DC",2017,9813.66,"Kegs and Barrels"
"1343","DC",2018,8975.52,"Kegs and Barrels"
"1344","DC",2019,5741.02,"Kegs and Barrels"
"1345","DE",2008,25709.65,"Kegs and Barrels"
"1346","DE",2009,37560.36,"Kegs and Barrels"
"1347","DE",2010,48117.54,"Kegs and Barrels"
"1348","DE",2011,57886.92,"Kegs and Barrels"
"1349","DE",2012,65524.44,"Kegs and Barrels"
"1350","DE",2013,75629.27,"Kegs and Barrels"
"1351","DE",2014,82037.96,"Kegs and Barrels"
"1352","DE",2015,83489.86,"Kegs and Barrels"
"1353","DE",2016,78225.11,"Kegs and Barrels"
"1354","DE",2017,74403.02,"Kegs and Barrels"
"1355","DE",2018,68113.87,"Kegs and Barrels"
"1356","DE",2019,60444.29,"Kegs and Barrels"
"1357","FL",2008,1188745.72,"Kegs and Barrels"
"1358","FL",2009,1297356.04,"Kegs and Barrels"
"1359","FL",2010,1247064.73,"Kegs and Barrels"
"1360","FL",2011,1287687.46,"Kegs and Barrels"
"1361","FL",2012,1289450.36,"Kegs and Barrels"
"1362","FL",2013,1260567.42,"Kegs and Barrels"
"1363","FL",2014,1242022.65,"Kegs and Barrels"
"1364","FL",2015,1245516.38,"Kegs and Barrels"
"1365","FL",2016,1186318.43,"Kegs and Barrels"
"1366","FL",2017,1173282.12,"Kegs and Barrels"
"1367","FL",2018,1211791.38,"Kegs and Barrels"
"1368","FL",2019,1177400.04,"Kegs and Barrels"
"1369","GA",2008,412159.15,"Kegs and Barrels"
"1370","GA",2009,578799.07,"Kegs and Barrels"
"1371","GA",2010,518567.58,"Kegs and Barrels"
"1372","GA",2011,482677.65,"Kegs and Barrels"
"1373","GA",2012,480930.15,"Kegs and Barrels"
"1374","GA",2013,545302.04,"Kegs and Barrels"
"1375","GA",2014,489713.84,"Kegs and Barrels"
"1376","GA",2015,463799.45,"Kegs and Barrels"
"1377","GA",2016,533283.65,"Kegs and Barrels"
"1378","GA",2017,499930.03,"Kegs and Barrels"
"1379","GA",2018,460632.48,"Kegs and Barrels"
"1380","GA",2019,499525.74,"Kegs and Barrels"
"1381","HI",2008,13159.64,"Kegs and Barrels"
"1382","HI",2009,13292.91,"Kegs and Barrels"
"1383","HI",2010,15488.55,"Kegs and Barrels"
"1384","HI",2011,19606.37,"Kegs and Barrels"
"1385","HI",2012,19391.33,"Kegs and Barrels"
"1386","HI",2013,18107.58,"Kegs and Barrels"
"1387","HI",2014,21582.44,"Kegs and Barrels"
"1388","HI",2015,25424.3,"Kegs and Barrels"
"1389","HI",2016,28641.98,"Kegs and Barrels"
"1390","HI",2017,32067.39,"Kegs and Barrels"
"1391","HI",2018,34821.42,"Kegs and Barrels"
"1392","HI",2019,35111.73,"Kegs and Barrels"
"1393","IA",2008,2113.46,"Kegs and Barrels"
"1394","IA",2009,2634.37,"Kegs and Barrels"
"1395","IA",2010,3780.36,"Kegs and Barrels"
"1396","IA",2011,6320.58,"Kegs and Barrels"
"1397","IA",2012,8572.43,"Kegs and Barrels"
"1398","IA",2013,13243.72,"Kegs and Barrels"
"1399","IA",2014,21448.89,"Kegs and Barrels"
"1400","IA",2015,15321.13,"Kegs and Barrels"
"1401","IA",2016,7700.13,"Kegs and Barrels"
"1402","IA",2017,12338,"Kegs and Barrels"
"1403","IA",2018,9353.45,"Kegs and Barrels"
"1404","IA",2019,18434.52,"Kegs and Barrels"
"1405","ID",2008,6279.71,"Kegs and Barrels"
"1406","ID",2009,6797.91,"Kegs and Barrels"
"1407","ID",2010,6834.92,"Kegs and Barrels"
"1408","ID",2011,7749.54,"Kegs and Barrels"
"1409","ID",2012,11316.83,"Kegs and Barrels"
"1410","ID",2013,15294.81,"Kegs and Barrels"
"1411","ID",2014,17477.57,"Kegs and Barrels"
"1412","ID",2015,16864.87,"Kegs and Barrels"
"1413","ID",2016,16296.75,"Kegs and Barrels"
"1414","ID",2017,17439.22,"Kegs and Barrels"
"1415","ID",2018,15268.86,"Kegs and Barrels"
"1416","ID",2019,14402.52,"Kegs and Barrels"
"1417","IL",2008,39678.85,"Kegs and Barrels"
"1418","IL",2009,46856.93,"Kegs and Barrels"
"1419","IL",2010,63152.26,"Kegs and Barrels"
"1420","IL",2011,64148.06,"Kegs and Barrels"
"1421","IL",2012,60573.7,"Kegs and Barrels"
"1422","IL",2013,68420.11,"Kegs and Barrels"
"1423","IL",2014,145486.79,"Kegs and Barrels"
"1424","IL",2015,214051.58,"Kegs and Barrels"
"1425","IL",2016,243183,"Kegs and Barrels"
"1426","IL",2017,229367.33,"Kegs and Barrels"
"1427","IL",2018,219382.35,"Kegs and Barrels"
"1428","IL",2019,200870.19,"Kegs and Barrels"
"1429","IN",2008,11103.64,"Kegs and Barrels"
"1430","IN",2009,14744.42,"Kegs and Barrels"
"1431","IN",2010,23055.64,"Kegs and Barrels"
"1432","IN",2011,36461.47,"Kegs and Barrels"
"1433","IN",2012,48867.09,"Kegs and Barrels"
"1434","IN",2013,61510.42,"Kegs and Barrels"
"1435","IN",2014,66614.28,"Kegs and Barrels"
"1436","IN",2015,66387.49,"Kegs and Barrels"
"1437","IN",2016,68150,"Kegs and Barrels"
"1438","IN",2017,63530.02,"Kegs and Barrels"
"1439","IN",2018,56023.45,"Kegs and Barrels"
"1440","IN",2019,49086.33,"Kegs and Barrels"
"1441","KS",2008,1521.34,"Kegs and Barrels"
"1442","KS",2009,1857.82,"Kegs and Barrels"
"1443","KS",2010,3107.42,"Kegs and Barrels"
"1444","KS",2011,5670.63,"Kegs and Barrels"
"1445","KS",2012,4768.33,"Kegs and Barrels"
"1446","KS",2013,6125.65,"Kegs and Barrels"
"1447","KS",2014,7418.78,"Kegs and Barrels"
"1448","KS",2015,8041.3,"Kegs and Barrels"
"1449","KS",2016,9585.41,"Kegs and Barrels"
"1450","KS",2017,10026.43,"Kegs and Barrels"
"1451","KS",2018,6342.37,"Kegs and Barrels"
"1452","KS",2019,7479.97,"Kegs and Barrels"
"1453","KY",2008,4568.13,"Kegs and Barrels"
"1454","KY",2009,5312,"Kegs and Barrels"
"1455","KY",2010,8190.89,"Kegs and Barrels"
"1456","KY",2011,9276.72,"Kegs and Barrels"
"1457","KY",2012,11795.65,"Kegs and Barrels"
"1458","KY",2013,19416.85,"Kegs and Barrels"
"1459","KY",2014,24748.1,"Kegs and Barrels"
"1460","KY",2015,30952.49,"Kegs and Barrels"
"1461","KY",2016,30049.37,"Kegs and Barrels"
"1462","KY",2017,32458.9,"Kegs and Barrels"
"1463","KY",2018,28653.06,"Kegs and Barrels"
"1464","KY",2019,25118.64,"Kegs and Barrels"
"1465","LA",2008,28163.29,"Kegs and Barrels"
"1466","LA",2009,34585.32,"Kegs and Barrels"
"1467","LA",2010,43767.95,"Kegs and Barrels"
"1468","LA",2011,53422.01,"Kegs and Barrels"
"1469","LA",2012,56196.18,"Kegs and Barrels"
"1470","LA",2013,62679.68,"Kegs and Barrels"
"1471","LA",2014,69442.53,"Kegs and Barrels"
"1472","LA",2015,72007.58,"Kegs and Barrels"
"1473","LA",2016,61638.35,"Kegs and Barrels"
"1474","LA",2017,53685.02,"Kegs and Barrels"
"1475","LA",2018,48367.7,"Kegs and Barrels"
"1476","LA",2019,33660.9,"Kegs and Barrels"
"1477","MA",2008,79385.94,"Kegs and Barrels"
"1478","MA",2009,84522.98,"Kegs and Barrels"
"1479","MA",2010,98121.54,"Kegs and Barrels"
"1480","MA",2011,119862.81,"Kegs and Barrels"
"1481","MA",2012,131474.98,"Kegs and Barrels"
"1482","MA",2013,126580.1,"Kegs and Barrels"
"1483","MA",2014,128941.15,"Kegs and Barrels"
"1484","MA",2015,149185.25,"Kegs and Barrels"
"1485","MA",2016,138987.97,"Kegs and Barrels"
"1486","MA",2017,162431.53,"Kegs and Barrels"
"1487","MA",2018,154797.7,"Kegs and Barrels"
"1488","MA",2019,143222.34,"Kegs and Barrels"
"1489","MD",2008,23321.62,"Kegs and Barrels"
"1490","MD",2009,24036.23,"Kegs and Barrels"
"1491","MD",2010,29123.06,"Kegs and Barrels"
"1492","MD",2011,38254.66,"Kegs and Barrels"
"1493","MD",2012,46213.33,"Kegs and Barrels"
"1494","MD",2013,52907.04,"Kegs and Barrels"
"1495","MD",2014,58176.63,"Kegs and Barrels"
"1496","MD",2015,64705.32,"Kegs and Barrels"
"1497","MD",2016,68486.52,"Kegs and Barrels"
"1498","MD",2017,69714.09,"Kegs and Barrels"
"1499","MD",2018,70807.06,"Kegs and Barrels"
"1500","MD",2019,72769.66,"Kegs and Barrels"
"1501","ME",2008,42649.45,"Kegs and Barrels"
"1502","ME",2009,47649.73,"Kegs and Barrels"
"1503","ME",2010,58015.64,"Kegs and Barrels"
"1504","ME",2011,77600.43,"Kegs and Barrels"
"1505","ME",2012,97285.94,"Kegs and Barrels"
"1506","ME",2013,110683.11,"Kegs and Barrels"
"1507","ME",2014,116113.35,"Kegs and Barrels"
"1508","ME",2015,117491.36,"Kegs and Barrels"
"1509","ME",2016,120823.77,"Kegs and Barrels"
"1510","ME",2017,116743.91,"Kegs and Barrels"
"1511","ME",2018,97260.97,"Kegs and Barrels"
"1512","ME",2019,101032.66,"Kegs and Barrels"
"1513","MI",2008,74309.35,"Kegs and Barrels"
"1514","MI",2009,94996.8,"Kegs and Barrels"
"1515","MI",2010,118799.27,"Kegs and Barrels"
"1516","MI",2011,148703.06,"Kegs and Barrels"
"1517","MI",2012,185386.44,"Kegs and Barrels"
"1518","MI",2013,227414.7,"Kegs and Barrels"
"1519","MI",2014,297520.14,"Kegs and Barrels"
"1520","MI",2015,330798.01,"Kegs and Barrels"
"1521","MI",2016,329891.64,"Kegs and Barrels"
"1522","MI",2017,347771.21,"Kegs and Barrels"
"1523","MI",2018,359017.74,"Kegs and Barrels"
"1524","MI",2019,348934.58,"Kegs and Barrels"
"1525","MN",2008,62497.37,"Kegs and Barrels"
"1526","MN",2009,67335.83,"Kegs and Barrels"
"1527","MN",2010,79534.59,"Kegs and Barrels"
"1528","MN",2011,101033.14,"Kegs and Barrels"
"1529","MN",2012,115956.35,"Kegs and Barrels"
"1530","MN",2013,133102.69,"Kegs and Barrels"
"1531","MN",2014,154949.51,"Kegs and Barrels"
"1532","MN",2015,154250.32,"Kegs and Barrels"
"1533","MN",2016,159728.02,"Kegs and Barrels"
"1534","MN",2017,159497.56,"Kegs and Barrels"
"1535","MN",2018,152641.92,"Kegs and Barrels"
"1536","MN",2019,146756.1,"Kegs and Barrels"
"1537","MO",2008,1527439.4,"Kegs and Barrels"
"1538","MO",2009,1382551.86,"Kegs and Barrels"
"1539","MO",2010,1183200.36,"Kegs and Barrels"
"1540","MO",2011,1119507.94,"Kegs and Barrels"
"1541","MO",2012,1019244.02,"Kegs and Barrels"
"1542","MO",2013,942359.26,"Kegs and Barrels"
"1543","MO",2014,891963.11,"Kegs and Barrels"
"1544","MO",2015,881247.94,"Kegs and Barrels"
"1545","MO",2016,913652.28,"Kegs and Barrels"
"1546","MO",2017,840259.38,"Kegs and Barrels"
"1547","MO",2018,763851.31,"Kegs and Barrels"
"1548","MO",2019,742043.07,"Kegs and Barrels"
"1549","MS",2008,2329.33,"Kegs and Barrels"
"1550","MS",2009,3585.07,"Kegs and Barrels"
"1551","MS",2010,5258.34,"Kegs and Barrels"
"1552","MS",2011,6867.94,"Kegs and Barrels"
"1553","MS",2012,6481.96,"Kegs and Barrels"
"1554","MS",2013,6907.14,"Kegs and Barrels"
"1555","MS",2014,7726.08,"Kegs and Barrels"
"1556","MS",2015,5999.23,"Kegs and Barrels"
"1557","MS",2016,5060.32,"Kegs and Barrels"
"1558","MS",2017,4474.17,"Kegs and Barrels"
"1559","MS",2018,3666.89,"Kegs and Barrels"
"1560","MS",2019,3361.31,"Kegs and Barrels"
"1561","MT",2008,36944.52,"Kegs and Barrels"
"1562","MT",2009,35824.92,"Kegs and Barrels"
"1563","MT",2010,41261.22,"Kegs and Barrels"
"1564","MT",2011,46957.49,"Kegs and Barrels"
"1565","MT",2012,50865.95,"Kegs and Barrels"
"1566","MT",2013,54321.28,"Kegs and Barrels"
"1567","MT",2014,58998.91,"Kegs and Barrels"
"1568","MT",2015,53876.38,"Kegs and Barrels"
"1569","MT",2016,50679.09,"Kegs and Barrels"
"1570","MT",2017,47842.61,"Kegs and Barrels"
"1571","MT",2018,44290.04,"Kegs and Barrels"
"1572","MT",2019,39887.71,"Kegs and Barrels"
"1573","NC",2008,834274.14,"Kegs and Barrels"
"1574","NC",2009,766996.13,"Kegs and Barrels"
"1575","NC",2010,903892.92,"Kegs and Barrels"
"1576","NC",2011,1010647.87,"Kegs and Barrels"
"1577","NC",2012,1054976.57,"Kegs and Barrels"
"1578","NC",2013,988300.04,"Kegs and Barrels"
"1579","NC",2014,971829.71,"Kegs and Barrels"
"1580","NC",2015,991004.06,"Kegs and Barrels"
"1581","NC",2016,561127.2,"Kegs and Barrels"
"1582","NC",2017,289428.28,"Kegs and Barrels"
"1583","NC",2018,298636.47,"Kegs and Barrels"
"1584","NC",2019,300587.32,"Kegs and Barrels"
"1585","ND",2008,NA,"Kegs and Barrels"
"1586","ND",2009,NA,"Kegs and Barrels"
"1587","ND",2010,NA,"Kegs and Barrels"
"1588","ND",2011,NA,"Kegs and Barrels"
"1589","ND",2012,NA,"Kegs and Barrels"
"1590","ND",2013,590.57,"Kegs and Barrels"
"1591","ND",2014,2601.31,"Kegs and Barrels"
"1592","ND",2015,3456.6,"Kegs and Barrels"
"1593","ND",2016,1867.45,"Kegs and Barrels"
"1594","ND",2017,3219.15,"Kegs and Barrels"
"1595","ND",2018,299.88,"Kegs and Barrels"
"1596","ND",2019,145.87,"Kegs and Barrels"
"1597","NE",2008,3524.26,"Kegs and Barrels"
"1598","NE",2009,4091.47,"Kegs and Barrels"
"1599","NE",2010,5688.77,"Kegs and Barrels"
"1600","NE",2011,7000.95,"Kegs and Barrels"
"1601","NE",2012,7244.52,"Kegs and Barrels"
"1602","NE",2013,3840.44,"Kegs and Barrels"
"1603","NE",2014,13753.51,"Kegs and Barrels"
"1604","NE",2015,10422.01,"Kegs and Barrels"
"1605","NE",2016,14472.86,"Kegs and Barrels"
"1606","NE",2017,13928.55,"Kegs and Barrels"
"1607","NE",2018,11217.22,"Kegs and Barrels"
"1608","NE",2019,9249.5,"Kegs and Barrels"
"1609","NH",2008,331130.43,"Kegs and Barrels"
"1610","NH",2009,338988.75,"Kegs and Barrels"
"1611","NH",2010,341517.58,"Kegs and Barrels"
"1612","NH",2011,364000.89,"Kegs and Barrels"
"1613","NH",2012,365463.83,"Kegs and Barrels"
"1614","NH",2013,381402.55,"Kegs and Barrels"
"1615","NH",2014,367976.5,"Kegs and Barrels"
"1616","NH",2015,347827.51,"Kegs and Barrels"
"1617","NH",2016,317004.98,"Kegs and Barrels"
"1618","NH",2017,292497.8,"Kegs and Barrels"
"1619","NH",2018,295253.52,"Kegs and Barrels"
"1620","NH",2019,269654.65,"Kegs and Barrels"
"1621","NJ",2008,489576.07,"Kegs and Barrels"
"1622","NJ",2009,487051.21,"Kegs and Barrels"
"1623","NJ",2010,544599.19,"Kegs and Barrels"
"1624","NJ",2011,559276.11,"Kegs and Barrels"
"1625","NJ",2012,502680.99,"Kegs and Barrels"
"1626","NJ",2013,443199.05,"Kegs and Barrels"
"1627","NJ",2014,447843.58,"Kegs and Barrels"
"1628","NJ",2015,423001.17,"Kegs and Barrels"
"1629","NJ",2016,376621.44,"Kegs and Barrels"
"1630","NJ",2017,367964.45,"Kegs and Barrels"
"1631","NJ",2018,370889.34,"Kegs and Barrels"
"1632","NJ",2019,325232.23,"Kegs and Barrels"
"1633","NM",2008,5965.5,"Kegs and Barrels"
"1634","NM",2009,7739.68,"Kegs and Barrels"
"1635","NM",2010,7838.24,"Kegs and Barrels"
"1636","NM",2011,10594.14,"Kegs and Barrels"
"1637","NM",2012,12803.35,"Kegs and Barrels"
"1638","NM",2013,15093.44,"Kegs and Barrels"
"1639","NM",2014,21957.12,"Kegs and Barrels"
"1640","NM",2015,26192.78,"Kegs and Barrels"
"1641","NM",2016,27804.17,"Kegs and Barrels"
"1642","NM",2017,34733.93,"Kegs and Barrels"
"1643","NM",2018,37733.8,"Kegs and Barrels"
"1644","NM",2019,37837.5,"Kegs and Barrels"
"1645","NV",2008,14809.07,"Kegs and Barrels"
"1646","NV",2009,13983.77,"Kegs and Barrels"
"1647","NV",2010,14741.33,"Kegs and Barrels"
"1648","NV",2011,7871.97,"Kegs and Barrels"
"1649","NV",2012,4993.73,"Kegs and Barrels"
"1650","NV",2013,5702.72,"Kegs and Barrels"
"1651","NV",2014,8085.97,"Kegs and Barrels"
"1652","NV",2015,5161.63,"Kegs and Barrels"
"1653","NV",2016,8279.46,"Kegs and Barrels"
"1654","NV",2017,10871.8,"Kegs and Barrels"
"1655","NV",2018,12423.11,"Kegs and Barrels"
"1656","NV",2019,15045.5,"Kegs and Barrels"
"1657","NY",2008,749430.78,"Kegs and Barrels"
"1658","NY",2009,650087.06,"Kegs and Barrels"
"1659","NY",2010,583310.58,"Kegs and Barrels"
"1660","NY",2011,604493.47,"Kegs and Barrels"
"1661","NY",2012,668632.48,"Kegs and Barrels"
"1662","NY",2013,674239.5,"Kegs and Barrels"
"1663","NY",2014,596752.77,"Kegs and Barrels"
"1664","NY",2015,589153.27,"Kegs and Barrels"
"1665","NY",2016,566871.56,"Kegs and Barrels"
"1666","NY",2017,520583.59,"Kegs and Barrels"
"1667","NY",2018,466871,"Kegs and Barrels"
"1668","NY",2019,450143.63,"Kegs and Barrels"
"1669","OH",2008,1708860.22,"Kegs and Barrels"
"1670","OH",2009,1895495.69,"Kegs and Barrels"
"1671","OH",2010,2033529.73,"Kegs and Barrels"
"1672","OH",2011,1886886.8,"Kegs and Barrels"
"1673","OH",2012,1790342.28,"Kegs and Barrels"
"1674","OH",2013,1726077.24,"Kegs and Barrels"
"1675","OH",2014,1643427.98,"Kegs and Barrels"
"1676","OH",2015,1628062.64,"Kegs and Barrels"
"1677","OH",2016,1457112.02,"Kegs and Barrels"
"1678","OH",2017,1383472.57,"Kegs and Barrels"
"1679","OH",2018,1359048.25,"Kegs and Barrels"
"1680","OH",2019,1368599.36,"Kegs and Barrels"
"1681","OK",2008,939.98,"Kegs and Barrels"
"1682","OK",2009,2578.47,"Kegs and Barrels"
"1683","OK",2010,3395.64,"Kegs and Barrels"
"1684","OK",2011,4025.32,"Kegs and Barrels"
"1685","OK",2012,4826.95,"Kegs and Barrels"
"1686","OK",2013,4840.77,"Kegs and Barrels"
"1687","OK",2014,6110,"Kegs and Barrels"
"1688","OK",2015,4539.32,"Kegs and Barrels"
"1689","OK",2016,5642.57,"Kegs and Barrels"
"1690","OK",2017,5409.25,"Kegs and Barrels"
"1691","OK",2018,968.47,"Kegs and Barrels"
"1692","OK",2019,1121.82,"Kegs and Barrels"
"1693","OR",2008,302197.16,"Kegs and Barrels"
"1694","OR",2009,325659.16,"Kegs and Barrels"
"1695","OR",2010,341505.24,"Kegs and Barrels"
"1696","OR",2011,357821.43,"Kegs and Barrels"
"1697","OR",2012,375659.57,"Kegs and Barrels"
"1698","OR",2013,415935.76,"Kegs and Barrels"
"1699","OR",2014,479575.19,"Kegs and Barrels"
"1700","OR",2015,489128.91,"Kegs and Barrels"
"1701","OR",2016,477381.22,"Kegs and Barrels"
"1702","OR",2017,643288.16,"Kegs and Barrels"
"1703","OR",2018,404151.01,"Kegs and Barrels"
"1704","OR",2019,349803.33,"Kegs and Barrels"
"1705","PA",2008,772329.9,"Kegs and Barrels"
"1706","PA",2009,953285.76,"Kegs and Barrels"
"1707","PA",2010,998172.5,"Kegs and Barrels"
"1708","PA",2011,1081543.3,"Kegs and Barrels"
"1709","PA",2012,1168462.04,"Kegs and Barrels"
"1710","PA",2013,1172679.83,"Kegs and Barrels"
"1711","PA",2014,1244846.05,"Kegs and Barrels"
"1712","PA",2015,1156462.98,"Kegs and Barrels"
"1713","PA",2016,1035752.73,"Kegs and Barrels"
"1714","PA",2017,946253.9,"Kegs and Barrels"
"1715","PA",2018,905758.65,"Kegs and Barrels"
"1716","PA",2019,822363.35,"Kegs and Barrels"
"1717","RI",2008,2347,"Kegs and Barrels"
"1718","RI",2009,2430,"Kegs and Barrels"
"1719","RI",2010,3236.99,"Kegs and Barrels"
"1720","RI",2011,3371,"Kegs and Barrels"
"1721","RI",2012,4104.34,"Kegs and Barrels"
"1722","RI",2013,5174.14,"Kegs and Barrels"
"1723","RI",2014,4551.43,"Kegs and Barrels"
"1724","RI",2015,3969.48,"Kegs and Barrels"
"1725","RI",2016,3675.99,"Kegs and Barrels"
"1726","RI",2017,7854.41,"Kegs and Barrels"
"1727","RI",2018,15630.68,"Kegs and Barrels"
"1728","RI",2019,19862.36,"Kegs and Barrels"
"1729","SC",2008,6193.71,"Kegs and Barrels"
"1730","SC",2009,6192.25,"Kegs and Barrels"
"1731","SC",2010,7558.6,"Kegs and Barrels"
"1732","SC",2011,11769.84,"Kegs and Barrels"
"1733","SC",2012,15831.87,"Kegs and Barrels"
"1734","SC",2013,18103.48,"Kegs and Barrels"
"1735","SC",2014,19762.34,"Kegs and Barrels"
"1736","SC",2015,19492.06,"Kegs and Barrels"
"1737","SC",2016,13380.82,"Kegs and Barrels"
"1738","SC",2017,20748.53,"Kegs and Barrels"
"1739","SC",2018,14709.1,"Kegs and Barrels"
"1740","SC",2019,14289.9,"Kegs and Barrels"
"1741","SD",2008,572,"Kegs and Barrels"
"1742","SD",2009,559,"Kegs and Barrels"
"1743","SD",2010,586,"Kegs and Barrels"
"1744","SD",2011,1237.88,"Kegs and Barrels"
"1745","SD",2012,1521.5,"Kegs and Barrels"
"1746","SD",2013,1753.5,"Kegs and Barrels"
"1747","SD",2014,1923.75,"Kegs and Barrels"
"1748","SD",2015,2406.63,"Kegs and Barrels"
"1749","SD",2016,2606.53,"Kegs and Barrels"
"1750","SD",2017,3319.71,"Kegs and Barrels"
"1751","SD",2018,2298.83,"Kegs and Barrels"
"1752","SD",2019,2675.96,"Kegs and Barrels"
"1753","TN",2008,10155.49,"Kegs and Barrels"
"1754","TN",2009,10982.71,"Kegs and Barrels"
"1755","TN",2010,12988.82,"Kegs and Barrels"
"1756","TN",2011,17597.04,"Kegs and Barrels"
"1757","TN",2012,28387.58,"Kegs and Barrels"
"1758","TN",2013,31767.12,"Kegs and Barrels"
"1759","TN",2014,60753.94,"Kegs and Barrels"
"1760","TN",2015,87084.56,"Kegs and Barrels"
"1761","TN",2016,72261.38,"Kegs and Barrels"
"1762","TN",2017,64760.02,"Kegs and Barrels"
"1763","TN",2018,54131.48,"Kegs and Barrels"
"1764","TN",2019,35017.56,"Kegs and Barrels"
"1765","TX",2008,1094276.99,"Kegs and Barrels"
"1766","TX",2009,1131030.13,"Kegs and Barrels"
"1767","TX",2010,1143881.77,"Kegs and Barrels"
"1768","TX",2011,1152638.24,"Kegs and Barrels"
"1769","TX",2012,1144585.8,"Kegs and Barrels"
"1770","TX",2013,1038542.78,"Kegs and Barrels"
"1771","TX",2014,1060536.45,"Kegs and Barrels"
"1772","TX",2015,1037119.99,"Kegs and Barrels"
"1773","TX",2016,1073417.23,"Kegs and Barrels"
"1774","TX",2017,1057055.7,"Kegs and Barrels"
"1775","TX",2018,1069103.27,"Kegs and Barrels"
"1776","TX",2019,1056401.63,"Kegs and Barrels"
"1777","UT",2008,26717.11,"Kegs and Barrels"
"1778","UT",2009,25943.15,"Kegs and Barrels"
"1779","UT",2010,29194.74,"Kegs and Barrels"
"1780","UT",2011,34548.18,"Kegs and Barrels"
"1781","UT",2012,43143.32,"Kegs and Barrels"
"1782","UT",2013,45937.83,"Kegs and Barrels"
"1783","UT",2014,51425.32,"Kegs and Barrels"
"1784","UT",2015,54961.49,"Kegs and Barrels"
"1785","UT",2016,54169.39,"Kegs and Barrels"
"1786","UT",2017,54184.15,"Kegs and Barrels"
"1787","UT",2018,51234.23,"Kegs and Barrels"
"1788","UT",2019,39701.03,"Kegs and Barrels"
"1789","VA",2008,1425448.78,"Kegs and Barrels"
"1790","VA",2009,1186492.73,"Kegs and Barrels"
"1791","VA",2010,1152090.46,"Kegs and Barrels"
"1792","VA",2011,1165692.37,"Kegs and Barrels"
"1793","VA",2012,1175467.01,"Kegs and Barrels"
"1794","VA",2013,1134449.57,"Kegs and Barrels"
"1795","VA",2014,1048495.09,"Kegs and Barrels"
"1796","VA",2015,1017740.25,"Kegs and Barrels"
"1797","VA",2016,1253898.31,"Kegs and Barrels"
"1798","VA",2017,1463360.4,"Kegs and Barrels"
"1799","VA",2018,1272328.62,"Kegs and Barrels"
"1800","VA",2019,1186030.99,"Kegs and Barrels"
"1801","VT",2008,70621.02,"Kegs and Barrels"
"1802","VT",2009,86533.33,"Kegs and Barrels"
"1803","VT",2010,105473.36,"Kegs and Barrels"
"1804","VT",2011,91368.48,"Kegs and Barrels"
"1805","VT",2012,98154.92,"Kegs and Barrels"
"1806","VT",2013,98852.28,"Kegs and Barrels"
"1807","VT",2014,93531.96,"Kegs and Barrels"
"1808","VT",2015,89387.18,"Kegs and Barrels"
"1809","VT",2016,68330.18,"Kegs and Barrels"
"1810","VT",2017,64791.32,"Kegs and Barrels"
"1811","VT",2018,66620.54,"Kegs and Barrels"
"1812","VT",2019,69498.8,"Kegs and Barrels"
"1813","WA",2008,165425.08,"Kegs and Barrels"
"1814","WA",2009,155111.48,"Kegs and Barrels"
"1815","WA",2010,195436.87,"Kegs and Barrels"
"1816","WA",2011,218671.75,"Kegs and Barrels"
"1817","WA",2012,240103.86,"Kegs and Barrels"
"1818","WA",2013,274558.65,"Kegs and Barrels"
"1819","WA",2014,297547.82,"Kegs and Barrels"
"1820","WA",2015,291509.7,"Kegs and Barrels"
"1821","WA",2016,251896.07,"Kegs and Barrels"
"1822","WA",2017,222188.23,"Kegs and Barrels"
"1823","WA",2018,222168.19,"Kegs and Barrels"
"1824","WA",2019,208289.99,"Kegs and Barrels"
"1825","WI",2008,1039757.77,"Kegs and Barrels"
"1826","WI",2009,1191461.86,"Kegs and Barrels"
"1827","WI",2010,1130525.73,"Kegs and Barrels"
"1828","WI",2011,981225.81,"Kegs and Barrels"
"1829","WI",2012,1038914.37,"Kegs and Barrels"
"1830","WI",2013,1071651.35,"Kegs and Barrels"
"1831","WI",2014,1066520.15,"Kegs and Barrels"
"1832","WI",2015,937817.99,"Kegs and Barrels"
"1833","WI",2016,1010565.53,"Kegs and Barrels"
"1834","WI",2017,1093376.11,"Kegs and Barrels"
"1835","WI",2018,1047608.3,"Kegs and Barrels"
"1836","WI",2019,799948.2,"Kegs and Barrels"
"1837","WV",2008,1655.04,"Kegs and Barrels"
"1838","WV",2009,1725.47,"Kegs and Barrels"
"1839","WV",2010,2582.42,"Kegs and Barrels"
"1840","WV",2011,3264.98,"Kegs and Barrels"
"1841","WV",2012,3701.81,"Kegs and Barrels"
"1842","WV",2013,4525.59,"Kegs and Barrels"
"1843","WV",2014,5160.63,"Kegs and Barrels"
"1844","WV",2015,6640.44,"Kegs and Barrels"
"1845","WV",2016,3835.3,"Kegs and Barrels"
"1846","WV",2017,3564.32,"Kegs and Barrels"
"1847","WV",2018,3278.68,"Kegs and Barrels"
"1848","WV",2019,4017.18,"Kegs and Barrels"
"1849","WY",2008,2989.71,"Kegs and Barrels"
"1850","WY",2009,2489.98,"Kegs and Barrels"
"1851","WY",2010,3852.33,"Kegs and Barrels"
"1852","WY",2011,5055.71,"Kegs and Barrels"
"1853","WY",2012,5752.17,"Kegs and Barrels"
"1854","WY",2013,7216.88,"Kegs and Barrels"
"1855","WY",2014,8379.14,"Kegs and Barrels"
"1856","WY",2015,9671.7,"Kegs and Barrels"
"1857","WY",2016,8328.08,"Kegs and Barrels"
"1858","WY",2017,8312.15,"Kegs and Barrels"
"1859","WY",2018,16731.39,"Kegs and Barrels"
"1860","WY",2019,18726.19,"Kegs and Barrels"
"1861","total",2008,17285670.24,"Kegs and Barrels"
"1862","total",2009,17461286.16,"Kegs and Barrels"
"1863","total",2010,17725898.72,"Kegs and Barrels"
"1864","total",2011,17817251.15,"Kegs and Barrels"
"1865","total",2012,18157777.56,"Kegs and Barrels"
"1866","total",2013,18097967.51,"Kegs and Barrels"
"1867","total",2014,18176128.25,"Kegs and Barrels"
"1868","total",2015,17750504.62,"Kegs and Barrels"
"1869","total",2016,17000382.28,"Kegs and Barrels"
"1870","total",2017,16514866.69,"Kegs and Barrels"
"1871","total",2018,15662381.42,"Kegs and Barrels"
"1872","total",2019,14880067.09,"Kegs and Barrels"
